verbo;tipo;processo_formativo_process;processo_formativo_schema;processo_formativo_pattern;processo_formativo_pattern_semispec;processo_formativo_vsupp;cluster;sinonimia;x;y
sciacquare;sintetico;Parasintesi+DoppioStadioDerivativo;s_are;;;;unknown;no_sinonimi;17.841043;12.279277
aleggiare;sintetico;Suffissazione;eggiare;;;;unknown;no_sinonimi;17.071236;10.591938
albeggiare;sintetico;Suffissazione;eggiare;;;;unknown;no_sinonimi;17.210072;11.532022
albergare;sintetico;Conversione;are;;;;unknown;no_sinonimi;14.74485;11.562074
alberare;sintetico;Conversione;are;;;;unknown;no_sinonimi;17.359629;10.427283
inalberare;sintetico;Parasintesi+DoppioStadioDerivativo;in_are;;;;unknown;no_sinonimi;15.913872;12.498167
ambientare;sintetico;Conversione;are;;;;unknown;no_sinonimi;11.659938;11.222044
amoreggiare;sintetico;Suffissazione;eggiare;;;;unknown;no_sinonimi;14.94702;14.914859
inanellare;sintetico;Parasintesi+DoppioStadioDerivativo;in_are;;;;unknown;no_sinonimi;15.295809;11.53039
angolare;sintetico;Conversione;are;;;;unknown;no_sinonimi;16.334698;9.978858
animare;sintetico;Conversione;are;;;;unknown;no_sinonimi;12.961809;11.19692
architettare;sintetico;Conversione;are;;;;unknown;no_sinonimi;12.476106;12.209532
inarcare;sintetico;Parasintesi+DoppioStadioDerivativo;in_are;;;;unknown;no_sinonimi;16.820557;11.172095
argomentare;sintetico;Conversione;are;;;;unknown;no_sinonimi;13.879846;12.185814
arieggiare;sintetico;Suffissazione;eggiare;;;;unknown;no_sinonimi;17.04057;10.603247
armare;sintetico;Conversione;are;;;;unknown;ha_sinonimi;15.693304;11.099679
armeggiare;sintetico;Suffissazione;eggiare;;;;unknown;no_sinonimi;16.34172;12.106623
articolare;sintetico;Conversione;are;;;;unknown;no_sinonimi;16.44792;9.914034
assassinare;sintetico;Conversione;are;;;;unknown;no_sinonimi;12.609066;15.185274
atteggiare;sintetico;Suffissazione;eggiare;;;;unknown;no_sinonimi;14.142052;13.511003
avventurare;sintetico;Conversione;are;;;;unknown;no_sinonimi;15.66564;14.587306
azionare;sintetico;Conversione;are;;;;unknown;ha_sinonimi;15.623014;10.314894
baciare;sintetico;Conversione;are;;;;unknown;ha_sinonimi;14.887237;14.509782
bagnare;sintetico;Conversione;are;;;;unknown;no_sinonimi;17.713505;10.717089
sbancare;sintetico;Parasintesi+DoppioStadioDerivativo;s_are;;;;unknown;no_sinonimi;15.101422;11.255637
sbandierare;sintetico;Parasintesi+DoppioStadioDerivativo;s_are;;;;unknown;no_sinonimi;14.269356;12.454684
sbarbare;sintetico;Parasintesi+DoppioStadioDerivativo;s_are;;;;unknown;ha_sinonimi;17.380167;12.146487
basare;sintetico;Conversione;are;;;;unknown;ha_sinonimi;14.531544;10.763313
battagliare;sintetico;Conversione;are;;;;unknown;ha_sinonimi;15.295192;11.788027
bisognare;sintetico;Conversione;are;;;;unknown;ha_sinonimi;15.428364;12.5426445
abbisognare;sintetico;Parasintesi+DoppioStadioDerivativo;ad_are;;;;unknown;ha_sinonimi;14.810796;10.626472
abboccare;sintetico;Parasintesi+DoppioStadioDerivativo;ad_are;;;;unknown;no_sinonimi;16.459011;12.877505
imboccare;sintetico;Parasintesi+DoppioStadioDerivativo;in_are;;;;unknown;no_sinonimi;17.608221;10.269223
sboccare;sintetico;Parasintesi+DoppioStadioDerivativo;s_are;;;;unknown;no_sinonimi;17.626038;10.340503
boccheggiare;sintetico;Suffissazione;eggiare;;;;unknown;no_sinonimi;16.872417;12.422599
bordare;sintetico;Conversione;are;;;;unknown;no_sinonimi;16.898079;9.522098
abbordare;sintetico;Parasintesi+DoppioStadioDerivativo;ad_are;;;;unknown;no_sinonimi;15.0290785;9.164059
bordeggiare;sintetico;Suffissazione;eggiare;;;;unknown;no_sinonimi;17.544184;10.563009
sborsare;sintetico;Parasintesi+DoppioStadioDerivativo;s_are;;;;unknown;no_sinonimi;13.083634;12.93886
imboscare;sintetico;Parasintesi+DoppioStadioDerivativo;in_are;;;;unknown;no_sinonimi;13.761316;13.750675
imbottigliare;sintetico;Parasintesi+DoppioStadioDerivativo;in_are;;;;unknown;ha_sinonimi;17.86676;12.302854
abbracciare;sintetico;Parasintesi+DoppioStadioDerivativo;ad_are;;;;unknown;no_sinonimi;14.595749;14.220055
imbracciare;sintetico;Parasintesi+DoppioStadioDerivativo;in_are;;;;unknown;no_sinonimi;15.986901;11.601504
sbracciarsi;sintetico;Parasintesi+DoppioStadioDerivativo;s_are;;;;unknown;no_sinonimi;16.222063;12.556173
calciare;sintetico;Conversione;are;;;;unknown;ha_sinonimi;15.45075;11.698632
scalciare;sintetico;Parasintesi+DoppioStadioDerivativo;s_are;;;;unknown;ha_sinonimi;16.40672;12.471164
calcificare;sintetico;Suffissazione;ificare;;;;unknown;no_sinonimi;17.001934;10.805251
calmare;sintetico;Conversione;are;;;;unknown;no_sinonimi;15.709322;13.494617
calzare;sintetico;Conversione;are;;;;unknown;no_sinonimi;16.87019;11.926854
incalzare;sintetico;Parasintesi+DoppioStadioDerivativo;in_are;;;;unknown;no_sinonimi;15.076103;13.990962
scalzare;sintetico;Parasintesi+DoppioStadioDerivativo;s_are;;;;unknown;no_sinonimi;15.579587;11.355898
incamerare;sintetico;Parasintesi+DoppioStadioDerivativo;in_are;;;;unknown;no_sinonimi;12.325022;13.423339
incamiciare;sintetico;Parasintesi+DoppioStadioDerivativo;in_are;;;;unknown;no_sinonimi;16.576065;10.551921
camminare;sintetico;Conversione;are;;;;unknown;ha_sinonimi;16.183126;14.3821745
incamminare;sintetico;Parasintesi+DoppioStadioDerivativo;in_are;;;;unknown;no_sinonimi;15.597797;14.663779
campionare;sintetico;Conversione;are;;;;unknown;no_sinonimi;14.830197;10.496729
campare;sintetico;Conversione;are;;;;unknown;no_sinonimi;14.620264;12.92274
campare;sintetico;Conversione;are;;;;unknown;no_sinonimi;14.589908;12.91225
campire;sintetico;Conversione;ire;;;;unknown;no_sinonimi;16.524187;9.55614
campire;sintetico;Conversione;ire;;;;unknown;no_sinonimi;16.481184;9.588472
accampare;sintetico;Parasintesi+DoppioStadioDerivativo;ad_are;;;;unknown;ha_sinonimi;12.76828;13.746669
scampare;sintetico;Parasintesi+DoppioStadioDerivativo;s_are;;;;unknown;no_sinonimi;12.521153;13.043808
campeggiare;sintetico;Suffissazione;eggiare;;;;unknown;no_sinonimi;17.081858;9.946436
campeggiare;sintetico;Suffissazione;eggiare;;;;unknown;no_sinonimi;17.115747;9.914333
incanalare;sintetico;Parasintesi+DoppioStadioDerivativo;in_are;;;;unknown;no_sinonimi;14.428185;10.390639
scanalare;sintetico;Parasintesi+DoppioStadioDerivativo;s_are;;;;unknown;no_sinonimi;17.00526;9.580089
scanalare;sintetico;Parasintesi+DoppioStadioDerivativo;s_are;;;;unknown;no_sinonimi;16.983824;9.536466
canalizzare;sintetico;Suffissazione;izzare;;;;unknown;no_sinonimi;14.551514;10.26543
canzonare;sintetico;Conversione;are;;;;unknown;no_sinonimi;15.006579;13.953063
capitalizzare;sintetico;Suffissazione;izzare;;;;unknown;no_sinonimi;13.293587;12.4944
capitanare;sintetico;Conversione;are;;;;unknown;ha_sinonimi;11.625593;12.755593
capeggiare;sintetico;Suffissazione;eggiare;;;;unknown;ha_sinonimi;11.637188;12.69837
caratterizzare;sintetico;Suffissazione;izzare;;;;unknown;ha_sinonimi;16.658834;10.048895
carbonare;sintetico;Conversione;are;;;;unknown;no_sinonimi;13.043873;13.449133
carbonizzare;sintetico;Suffissazione;izzare;;;;unknown;no_sinonimi;16.639103;11.963853
carcerare;sintetico;Conversione;are;;;;unknown;ha_sinonimi;12.890448;15.219335
incarcerare;sintetico;Parasintesi+DoppioStadioDerivativo;in_are;;;;unknown;ha_sinonimi;12.739684;15.287657
scarcerare;sintetico;Parasintesi+DoppioStadioDerivativo;s_are;;;;unknown;no_sinonimi;12.794707;15.313039
incarnare;sintetico;Parasintesi+DoppioStadioDerivativo;in_are;;;;unknown;no_sinonimi;13.421705;12.053847
carrozzare;sintetico;Conversione;are;;;;unknown;no_sinonimi;15.321729;10.042993
scarrozzare;sintetico;Parasintesi+DoppioStadioDerivativo;s_are;;;;unknown;no_sinonimi;15.256198;14.135344
incartare;sintetico;Parasintesi+DoppioStadioDerivativo;in_are;;;;unknown;no_sinonimi;17.096516;12.712859
scartare;sintetico;Parasintesi+DoppioStadioDerivativo;s_are;;;;unknown;no_sinonimi;13.223964;12.166426
scartare;sintetico;Parasintesi+DoppioStadioDerivativo;s_are;;;;unknown;no_sinonimi;13.235873;12.174611
accasare;sintetico;Parasintesi+DoppioStadioDerivativo;ad_are;;;;unknown;no_sinonimi;12.240961;11.971089
incatenare;sintetico;Parasintesi+DoppioStadioDerivativo;in_are;;;;unknown;no_sinonimi;12.944343;14.951136
scatenare;sintetico;Parasintesi+DoppioStadioDerivativo;s_are;;;;unknown;no_sinonimi;13.717747;10.740444
causare;sintetico;Conversione;are;;;;unknown;ha_sinonimi;13.816836;10.744037
accavallare;sintetico;Parasintesi+DoppioStadioDerivativo;ad_are;;;;unknown;no_sinonimi;16.933031;11.433528
cenare;sintetico;Conversione;are;;;;unknown;ha_sinonimi;15.302972;14.86151
centrare;sintetico;Conversione;are;;;;unknown;ha_sinonimi;15.159263;11.270029
accentrare;sintetico;Parasintesi+DoppioStadioDerivativo;ad_are;;;;unknown;no_sinonimi;13.911981;12.321301
incentrare;sintetico;Parasintesi+DoppioStadioDerivativo;in_are;;;;unknown;no_sinonimi;14.44463;10.788635
chiavare;sintetico;Conversione;are;;;;unknown;no_sinonimi;16.454742;13.329363
cibare;sintetico;Conversione;are;;;;unknown;no_sinonimi;17.035824;12.870963
cifrare;sintetico;Conversione;are;;;;unknown;no_sinonimi;14.651822;10.52402
cimare;sintetico;Conversione;are;;;;unknown;no_sinonimi;16.83183;9.504952
classificare;sintetico;Suffissazione;ificare;;;;unknown;no_sinonimi;15.241158;10.95347
acclimatare;sintetico;Parasintesi+DoppioStadioDerivativo;ad_are;;;;unknown;no_sinonimi;17.549625;10.85724
climatizzare;sintetico;Suffissazione;izzare;;;;unknown;no_sinonimi;16.776754;10.371455
accodare;sintetico;Parasintesi+DoppioStadioDerivativo;ad_are;;;;unknown;no_sinonimi;15.535162;12.489513
scodare;sintetico;Parasintesi+DoppioStadioDerivativo;s_are;;;;unknown;no_sinonimi;16.46628;11.398772
scodare;sintetico;Parasintesi+DoppioStadioDerivativo;s_are;;;;unknown;no_sinonimi;16.503134;11.477071
accollare;sintetico;Parasintesi+DoppioStadioDerivativo;ad_are;;;;unknown;no_sinonimi;13.124666;12.837221
scollare;sintetico;Parasintesi+DoppioStadioDerivativo;s_are;;;;unknown;no_sinonimi;16.991016;11.931086
colorare;sintetico;Conversione;are;;;;unknown;ha_sinonimi;17.677723;11.588437
colorire;sintetico;Conversione;ire;;;;unknown;ha_sinonimi;16.284365;10.552316
scolorare;sintetico;Parasintesi+DoppioStadioDerivativo;s_are;;;;unknown;no_sinonimi;17.43122;11.6536045
scolorire;sintetico;Parasintesi+DoppioStadioDerivativo;s_ire;;;;unknown;no_sinonimi;17.479305;11.749882
incolpare;sintetico;Parasintesi+DoppioStadioDerivativo;in_are;;;;unknown;ha_sinonimi;13.409004;14.717131
colpire;sintetico;Conversione;ire;;;;unknown;ha_sinonimi;14.269193;10.693656
scolpire;sintetico;Parasintesi+DoppioStadioDerivativo;s_ire;;;;unknown;no_sinonimi;17.053492;9.764855
accoltellare;sintetico;Parasintesi+DoppioStadioDerivativo;ad_are;;;;unknown;no_sinonimi;12.863432;15.262072
commerciare;sintetico;Conversione;are;;;;unknown;ha_sinonimi;12.827757;13.121031
accompagnare;sintetico;Parasintesi+DoppioStadioDerivativo;ad_are;;;;unknown;no_sinonimi;11.942416;12.131479
complimentare;sintetico;Conversione;are;;;;unknown;ha_sinonimi;14.45569;14.328466
condizionare;sintetico;Conversione;are;;;;unknown;no_sinonimi;14.138485;10.837626
confessare;sintetico;Conversione;are;;;;unknown;ha_sinonimi;13.77326;14.941143
sconfessare;sintetico;Parasintesi+DoppioStadioDerivativo;s_are;;;;unknown;no_sinonimi;13.767651;12.129489
confinare;sintetico;Conversione;are;;;;unknown;no_sinonimi;17.683407;10.430255
sconfinare;sintetico;Parasintesi+DoppioStadioDerivativo;s_are;;;;unknown;no_sinonimi;17.217642;10.445376
consigliare;sintetico;Conversione;are;;;;unknown;ha_sinonimi;14.754185;12.801996
sconsigliare;sintetico;Parasintesi+DoppioStadioDerivativo;s_are;;;;unknown;no_sinonimi;14.865939;12.77333
contattare;sintetico;Conversione;are;;;;unknown;ha_sinonimi;13.964435;14.868307
contrattare;sintetico;Conversione;are;;;;unknown;no_sinonimi;13.131584;13.377527
incoraggiare;sintetico;Parasintesi+DoppioStadioDerivativo;in_are;;;;unknown;ha_sinonimi;13.954395;11.394346
scoraggiare;sintetico;Parasintesi+DoppioStadioDerivativo;s_are;;;;unknown;no_sinonimi;14.20338;11.806296
incornare;sintetico;Parasintesi+DoppioStadioDerivativo;in_are;;;;unknown;no_sinonimi;15.446027;11.715061
scornare;sintetico;Parasintesi+DoppioStadioDerivativo;s_are;;;;unknown;no_sinonimi;15.84251;12.787168
scornare;sintetico;Parasintesi+DoppioStadioDerivativo;s_are;;;;unknown;no_sinonimi;15.811694;12.769048
cornificare;sintetico;Suffissazione;ificare;;;;unknown;ha_sinonimi;15.143476;13.955126
accorpare;sintetico;Parasintesi+DoppioStadioDerivativo;ad_are;;;;unknown;no_sinonimi;12.22696;13.2510395
corteggiare;sintetico;Suffissazione;eggiare;;;;unknown;ha_sinonimi;14.484399;14.665216
accostare;sintetico;Parasintesi+DoppioStadioDerivativo;ad_are;;;;unknown;no_sinonimi;13.560768;11.597558
scostare;sintetico;Parasintesi+DoppioStadioDerivativo;s_are;;;;unknown;no_sinonimi;16.674965;10.959363
costeggiare;sintetico;Suffissazione;eggiare;;;;unknown;no_sinonimi;17.608862;10.269127
incrociare;sintetico;Parasintesi+DoppioStadioDerivativo;in_are;;;;unknown;ha_sinonimi;17.183874;10.241641
cucinare;sintetico;Conversione;are;;;;unknown;no_sinonimi;17.772459;12.607801
accorare;sintetico;Parasintesi+DoppioStadioDerivativo;ad_are;;;;unknown;no_sinonimi;15.415985;13.308055
curare;sintetico;Conversione;are;;;;unknown;ha_sinonimi;12.583811;11.126071
custodire;sintetico;Conversione;ire;;;;unknown;ha_sinonimi;14.079358;10.015682
dannare;sintetico;Conversione;are;;;;unknown;no_sinonimi;15.483763;13.446426
danneggiare;sintetico;Suffissazione;eggiare;;;;unknown;ha_sinonimi;14.252538;10.414316
addebitare;sintetico;Parasintesi+DoppioStadioDerivativo;ad_are;;;;unknown;no_sinonimi;13.2237425;12.835856
indebitare;sintetico;Parasintesi+DoppioStadioDerivativo;in_are;;;;unknown;no_sinonimi;13.085723;12.988633
sdebitare;sintetico;Parasintesi+DoppioStadioDerivativo;s_are;;;;unknown;no_sinonimi;14.343325;14.440349
addentare;sintetico;Parasintesi+DoppioStadioDerivativo;ad_are;;;;unknown;no_sinonimi;17.157612;12.669479
sdentare;sintetico;Parasintesi+DoppioStadioDerivativo;s_are;;;;unknown;no_sinonimi;16.57715;12.810535
differenziare;sintetico;Conversione;are;;;;unknown;ha_sinonimi;16.530905;10.107332
dimensionare;sintetico;Conversione;are;;;;unknown;no_sinonimi;16.343266;10.181238
deificare;sintetico;Suffissazione;ificare;;;;unknown;no_sinonimi;13.484241;14.055184
direzionare;sintetico;Conversione;are;;;;unknown;ha_sinonimi;16.372328;11.228536
distanziare;sintetico;Conversione;are;;;;unknown;ha_sinonimi;16.395935;10.148065
additare;sintetico;Parasintesi+DoppioStadioDerivativo;ad_are;;;;unknown;no_sinonimi;13.81493;14.023619
documentare;sintetico;Conversione;are;;;;unknown;no_sinonimi;13.624343;11.681493
dolorare;sintetico;Conversione;are;;;;unknown;no_sinonimi;16.271994;13.037382
addolorare;sintetico;Parasintesi+DoppioStadioDerivativo;ad_are;;;;unknown;ha_sinonimi;14.8733;14.150451
dotare;sintetico;Conversione;are;;;;unknown;no_sinonimi;14.63342;10.084059
addottorare;sintetico;Parasintesi+DoppioStadioDerivativo;ad_are;;;;unknown;no_sinonimi;12.508093;11.801501
dubitare;sintetico;Conversione;are;;;;unknown;ha_sinonimi;14.110985;12.45097
emozionare;sintetico;Conversione;are;;;;unknown;no_sinonimi;14.82236;14.030005
entusiasmare;sintetico;Conversione;are;;;;unknown;no_sinonimi;14.839742;14.021685
esaminare;sintetico;Conversione;are;;;;unknown;ha_sinonimi;14.080423;11.733745
esemplificare;sintetico;Conversione;are;;;;unknown;ha_sinonimi;13.660032;11.789988
esiliare;sintetico;Conversione;are;;;;unknown;ha_sinonimi;12.463305;15.062511
fabbricare;sintetico;Conversione;are;;;;unknown;no_sinonimi;13.315451;10.332892
affaccendare;sintetico;Parasintesi+DoppioStadioDerivativo;ad_are;;;;unknown;no_sinonimi;15.728448;13.811158
affacciare;sintetico;Parasintesi+DoppioStadioDerivativo;ad_are;;;;unknown;no_sinonimi;17.516329;10.10015
affamare;sintetico;Parasintesi+DoppioStadioDerivativo;ad_are;;;;unknown;no_sinonimi;16.666264;13.355159
sfamare;sintetico;Parasintesi+DoppioStadioDerivativo;s_are;;;;unknown;no_sinonimi;16.949228;13.218796
infastidire;sintetico;Parasintesi+DoppioStadioDerivativo;in_ire;;;;unknown;ha_sinonimi;14.865023;14.128575
faticare;sintetico;Conversione;are;;;;unknown;no_sinonimi;15.257668;12.285934
affaticare;sintetico;Parasintesi+DoppioStadioDerivativo;ad_are;;;;unknown;no_sinonimi;16.13242;13.0429535
favorire;sintetico;Conversione;ire;;;;unknown;ha_sinonimi;14.03611;10.91542
favoreggiare;sintetico;Suffissazione;eggiare;;;;unknown;ha_sinonimi;13.290816;14.469918
ferrare;sintetico;Conversione;are;;;;unknown;no_sinonimi;15.180984;13.829126
afferrare;sintetico;Parasintesi+DoppioStadioDerivativo;ad_are;;;;unknown;no_sinonimi;16.343954;11.985447
sferrare;sintetico;Parasintesi+DoppioStadioDerivativo;s_are;;;;unknown;no_sinonimi;14.912814;10.947268
sferrare;sintetico;Parasintesi+DoppioStadioDerivativo;s_are;;;;unknown;no_sinonimi;14.868193;10.929476
festeggiare;sintetico;Suffissazione;eggiare;;;;unknown;ha_sinonimi;15.142541;14.532641
fiancare;sintetico;Conversione;are;;;;unknown;no_sinonimi;16.738262;9.749152
affiancare;sintetico;Parasintesi+DoppioStadioDerivativo;ad_are;;;;unknown;ha_sinonimi;11.959379;11.993914
sfiancare;sintetico;Parasintesi+DoppioStadioDerivativo;s_are;;;;unknown;no_sinonimi;15.920975;12.997222
fiancheggiare;sintetico;Suffissazione;eggiare;;;;unknown;no_sinonimi;17.244404;9.853788
fiatare;sintetico;Conversione;are;;;;unknown;ha_sinonimi;15.962489;13.083566
affiatare;sintetico;Parasintesi+DoppioStadioDerivativo;ad_are;;;;unknown;no_sinonimi;16.684395;12.684442
sfiatare;sintetico;Parasintesi+DoppioStadioDerivativo;s_are;;;;unknown;no_sinonimi;16.382963;12.643574
figliare;sintetico;Conversione;are;;;;unknown;no_sinonimi;15.073484;13.576225
figurare;sintetico;Conversione;are;;;;unknown;no_sinonimi;12.257057;11.47561
sfigurare;sintetico;Parasintesi+DoppioStadioDerivativo;s_are;;;;unknown;no_sinonimi;15.9564705;13.638621
sfilare;sintetico;Parasintesi+DoppioStadioDerivativo;s_are;;;;unknown;no_sinonimi;16.621695;12.179935
filmare;sintetico;Conversione;are;;;;unknown;ha_sinonimi;11.599489;11.062841
filare;sintetico;Conversione;are;;;;unknown;ha_sinonimi;17.72446;11.933661
affilare;sintetico;Parasintesi+DoppioStadioDerivativo;ad_are;;;;unknown;no_sinonimi;16.767508;9.951064
infilare;sintetico;Parasintesi+DoppioStadioDerivativo;in_are;;;;unknown;no_sinonimi;15.735806;11.4413595
sfilare;sintetico;Parasintesi+DoppioStadioDerivativo;s_are;;;;unknown;no_sinonimi;16.650583;12.164521
finire;sintetico;Conversione;ire;;;;unknown;ha_sinonimi;12.364087;10.274178
fiorire;sintetico;Conversione;ire;;;;unknown;ha_sinonimi;13.12234;10.539737
affiorare;sintetico;Parasintesi+DoppioStadioDerivativo;ad_are;;;;unknown;no_sinonimi;17.24673;10.77249
affiorare;sintetico;Parasintesi+DoppioStadioDerivativo;ad_are;;;;unknown;no_sinonimi;17.238531;10.773384
affiorare;sintetico;Parasintesi+DoppioStadioDerivativo;ad_are;;;;unknown;no_sinonimi;17.218933;10.78999
infiorare;sintetico;Parasintesi+DoppioStadioDerivativo;in_are;;;;unknown;no_sinonimi;17.008595;11.662938
sfiorire;sintetico;Parasintesi+DoppioStadioDerivativo;s_are;;;;unknown;no_sinonimi;16.679749;13.307308
sfiorire;sintetico;Parasintesi+DoppioStadioDerivativo;s_ire;;;;unknown;no_sinonimi;16.718723;13.256236
sfiorire;sintetico;Parasintesi+DoppioStadioDerivativo;s_ire;;;;unknown;no_sinonimi;16.717987;13.269328
fogliare;sintetico;Conversione;are;;;;unknown;no_sinonimi;17.137144;9.773469
sfogliare;sintetico;Parasintesi+DoppioStadioDerivativo;s_are;;;;unknown;no_sinonimi;16.798124;13.904324
sfogliare;sintetico;Parasintesi+DoppioStadioDerivativo;s_are;;;;unknown;no_sinonimi;16.801184;13.915842
sfogliare;sintetico;Parasintesi+DoppioStadioDerivativo;s_are;;;;unknown;no_sinonimi;16.819464;13.919521
affollare;sintetico;Parasintesi+DoppioStadioDerivativo;ad_are;;;;unknown;no_sinonimi;15.986512;14.005495
fondare;sintetico;Conversione;are;;;;unknown;no_sinonimi;11.565736;12.492389
affondare;sintetico;Parasintesi+DoppioStadioDerivativo;ad_are;;;;unknown;ha_sinonimi;14.988328;9.175232
sfondare;sintetico;Parasintesi+DoppioStadioDerivativo;s_are;;;;unknown;no_sinonimi;15.1066675;11.075596
sfondare;sintetico;Parasintesi+DoppioStadioDerivativo;s_are;;;;unknown;no_sinonimi;15.132422;11.106405
formare;sintetico;Conversione;are;;;;unknown;ha_sinonimi;11.564102;12.484089
informare;sintetico;Parasintesi+DoppioStadioDerivativo;in_are;;;;unknown;no_sinonimi;13.810268;14.787283
informare;sintetico;Parasintesi+DoppioStadioDerivativo;in_are;;;;unknown;no_sinonimi;13.83614;14.7695055
sformare;sintetico;Parasintesi+DoppioStadioDerivativo;s_are;;;;unknown;no_sinonimi;17.580677;12.149633
formulare;sintetico;Conversione;are;;;;unknown;no_sinonimi;13.951157;11.9299755
forzare;sintetico;Conversione;are;;;;unknown;ha_sinonimi;14.023593;11.515596
sforzare;sintetico;Parasintesi+DoppioStadioDerivativo;s_are;;;;unknown;no_sinonimi;13.455041;10.101644
sforzare;sintetico;Parasintesi+DoppioStadioDerivativo;s_are;;;;unknown;no_sinonimi;13.457333;10.116211
sforzare;sintetico;Parasintesi+DoppioStadioDerivativo;s_are;;;;unknown;no_sinonimi;13.463862;10.116253
fotografare;sintetico;Conversione;are;;;;unknown;ha_sinonimi;14.694945;9.81329
affratellare;sintetico;Parasintesi+DoppioStadioDerivativo;ad_are;;;;unknown;no_sinonimi;13.773988;13.627827
affrettare;sintetico;Parasintesi+DoppioStadioDerivativo;ad_are;;;;unknown;no_sinonimi;14.767104;12.99706
affrontare;sintetico;Parasintesi+DoppioStadioDerivativo;ad_are;;;;unknown;ha_sinonimi;13.125604;12.194027
fruttare;sintetico;Conversione;are;;;;unknown;no_sinonimi;12.972747;12.914132
sfruttare;sintetico;Parasintesi+DoppioStadioDerivativo;s_are;;;;unknown;no_sinonimi;13.999385;10.416894
sfruttare;sintetico;Parasintesi+DoppioStadioDerivativo;s_are;;;;unknown;no_sinonimi;14.04694;10.378949
fruttificare;sintetico;Suffissazione;ificare;;;;unknown;ha_sinonimi;17.496204;10.777747
fugare;sintetico;Conversione;are;;;;unknown;ha_sinonimi;13.8054285;11.960599
fumare;sintetico;Conversione;are;;;;unknown;no_sinonimi;15.895805;14.056212
sfumare;sintetico;Parasintesi+DoppioStadioDerivativo;s_are;;;;unknown;ha_sinonimi;17.477205;11.579721
funzionare;sintetico;Conversione;are;;;;unknown;ha_sinonimi;13.72347;9.896687
infuocare;sintetico;Parasintesi+DoppioStadioDerivativo;in_are;;;;unknown;ha_sinonimi;16.852161;11.512432
sfocare;sintetico;Parasintesi+DoppioStadioDerivativo;s_are;;;;unknown;no_sinonimi;17.405489;11.583661
sfocare;sintetico;Parasintesi+DoppioStadioDerivativo;s_are;;;;unknown;no_sinonimi;17.345497;11.541434
sgambare;sintetico;Parasintesi+DoppioStadioDerivativo;s_are;;;;unknown;no_sinonimi;16.786678;11.79466
sgambare;sintetico;Parasintesi+DoppioStadioDerivativo;s_are;;;;unknown;no_sinonimi;16.78999;11.80834
gareggiare;sintetico;Suffissazione;eggiare;;;;unknown;ha_sinonimi;14.912401;11.769741
generare;sintetico;Conversione;are;;;;unknown;no_sinonimi;13.751062;10.58975
ingenerare;sintetico;Parasintesi+DoppioStadioDerivativo;in_are;;;;unknown;no_sinonimi;13.710484;11.01135
gestire;sintetico;Conversione;ire;;;;unknown;no_sinonimi;13.425451;10.249124
ghiacciare;sintetico;Conversione;are;;;;unknown;no_sinonimi;17.602621;10.7600975
agghiacciare;sintetico;Parasintesi+DoppioStadioDerivativo;ad_are;;;;unknown;no_sinonimi;16.737057;12.655821
giocare;sintetico;Conversione;are;;;;unknown;ha_sinonimi;14.9724;11.685508
gioire;sintetico;Conversione;ire;;;;unknown;ha_sinonimi;14.300118;13.89473
aggiornare;sintetico;Parasintesi+DoppioStadioDerivativo;ad_are;;;;unknown;no_sinonimi;14.540174;9.725194
aggiornare;sintetico;Parasintesi+DoppioStadioDerivativo;ad_are;;;;unknown;no_sinonimi;14.546825;9.750122
girare;sintetico;Conversione;are;;;;unknown;ha_sinonimi;11.4591;11.078955
giustiziare;sintetico;Conversione;are;;;;unknown;no_sinonimi;12.586411;15.236057
gloriare;sintetico;Conversione;are;;;;unknown;no_sinonimi;13.992918;13.872468
glorificare;sintetico;Suffissazione;ificare;;;;unknown;ha_sinonimi;13.805885;13.797484
gommare;sintetico;Conversione;are;;;;unknown;no_sinonimi;15.556021;9.865202
sgommare;sintetico;Parasintesi+DoppioStadioDerivativo;s_are;;;;unknown;no_sinonimi;16.443846;11.523803
sgommare;sintetico;Parasintesi+DoppioStadioDerivativo;s_are;;;;unknown;no_sinonimi;16.425278;11.466815
sgommare;sintetico;Parasintesi+DoppioStadioDerivativo;s_are;;;;unknown;no_sinonimi;16.413698;11.471995
graduare;sintetico;Conversione;are;;;;unknown;no_sinonimi;16.03067;9.716982
gradire;sintetico;Conversione;ire;;;;unknown;no_sinonimi;14.914816;13.80462
aggradare;sintetico;Parasintesi+DoppioStadioDerivativo;ad_are;;;;unknown;no_sinonimi;15.238162;12.965372
granire;sintetico;Conversione;ire;;;;unknown;no_sinonimi;18.034412;11.88898
granire;sintetico;Conversione;ire;;;;unknown;no_sinonimi;18.024633;11.883853
ingranare;sintetico;Parasintesi+DoppioStadioDerivativo;in_are;;;;unknown;no_sinonimi;16.361082;11.306905
ingranare;sintetico;Parasintesi+DoppioStadioDerivativo;in_are;;;;unknown;no_sinonimi;16.280087;11.346321
sgranare;sintetico;Parasintesi+DoppioStadioDerivativo;s_are;;;;unknown;no_sinonimi;17.329165;11.689577
sgranare;sintetico;Parasintesi+DoppioStadioDerivativo;s_are;;;;unknown;no_sinonimi;17.303516;11.773604
graziare;sintetico;Conversione;are;;;;unknown;ha_sinonimi;12.671629;15.26661
aggraziare;sintetico;Parasintesi+DoppioStadioDerivativo;ad_are;;;;unknown;no_sinonimi;16.985178;11.295927
ingraziare;sintetico;Parasintesi+DoppioStadioDerivativo;in_are;;;;unknown;no_sinonimi;14.038468;14.233232
aggruppare;sintetico;Parasintesi+DoppioStadioDerivativo;ad_are;;;;unknown;ha_sinonimi;16.306524;10.551777
guaire;sintetico;Conversione;ire;;;;unknown;no_sinonimi;16.10736;12.925844
inguaiare;sintetico;Parasintesi+DoppioStadioDerivativo;in_are;;;;unknown;ha_sinonimi;14.227927;13.293589
agguerrire;sintetico;Parasintesi+DoppioStadioDerivativo;ad_ire;;;;unknown;no_sinonimi;15.815376;12.565566
guerreggiare;sintetico;Suffissazione;eggiare;;;;unknown;ha_sinonimi;12.624309;14.003384
ideare;sintetico;Conversione;are;;;;unknown;ha_sinonimi;12.674347;11.162889
immaginare;sintetico;Conversione;are;;;;unknown;no_sinonimi;14.674094;13.070754
impressionare;sintetico;Conversione;are;;;;unknown;ha_sinonimi;14.814341;14.088125
iniziare;sintetico;Conversione;are;;;;unknown;ha_sinonimi;12.31408;10.45333
interessare;sintetico;Conversione;are;;;;unknown;ha_sinonimi;14.013105;11.604232
isolare;sintetico;Conversione;are;;;;unknown;no_sinonimi;17.529928;10.631386
lacrimare;sintetico;Conversione;are;;;;unknown;no_sinonimi;17.134874;12.219117
allagare;sintetico;Parasintesi+DoppioStadioDerivativo;ad_are;;;;unknown;no_sinonimi;17.323517;10.909188
allattare;sintetico;Parasintesi+DoppioStadioDerivativo;ad_are;;;;unknown;no_sinonimi;15.420788;13.659779
lavorare;sintetico;Conversione;are;;;;unknown;ha_sinonimi;12.711979;11.658841
legnare;sintetico;Conversione;are;;;;unknown;no_sinonimi;17.771067;12.279088
allettare;sintetico;Parasintesi+DoppioStadioDerivativo;ad_are;;;;unknown;ha_sinonimi;14.5133505;13.155764
limitare;sintetico;Conversione;are;;;;unknown;ha_sinonimi;14.225824;11.139906
lineare;sintetico;Conversione;are;;;;unknown;no_sinonimi;16.51298;9.873651
allineare;sintetico;Parasintesi+DoppioStadioDerivativo;ad_are;;;;unknown;ha_sinonimi;16.351082;10.04779
listare;sintetico;Conversione;are;;;;unknown;ha_sinonimi;16.3674;9.637027
lunare;sintetico;Conversione;are;;;;unknown;no_sinonimi;15.257743;9.147191
allunare;sintetico;Parasintesi+DoppioStadioDerivativo;ad_are;;;;unknown;no_sinonimi;15.140138;9.051824
allunare;sintetico;Parasintesi+DoppioStadioDerivativo;ad_are;;;;unknown;no_sinonimi;15.123262;9.084033
locare;sintetico;Conversione;are;;;;unknown;ha_sinonimi;12.585791;13.472423
macchiare;sintetico;Conversione;are;;;;unknown;no_sinonimi;17.539997;11.691879
macchinare;sintetico;Conversione;are;;;;unknown;no_sinonimi;13.188222;12.545433
ammaestrare;sintetico;Parasintesi+DoppioStadioDerivativo;ad_are;;;;unknown;no_sinonimi;16.390226;13.341062
ammalare;sintetico;Parasintesi+DoppioStadioDerivativo;ad_are;;;;unknown;no_sinonimi;14.155841;14.96626
maneggiare;sintetico;Suffissazione;eggiare;;;;unknown;no_sinonimi;16.147448;11.672775
ammarare;sintetico;Parasintesi+DoppioStadioDerivativo;ad_are;;;;unknown;ha_sinonimi;15.093007;9.113168
mareggiare;sintetico;Suffissazione;eggiare;;;;unknown;no_sinonimi;17.221666;10.800615
maritare;sintetico;Conversione;are;;;;unknown;ha_sinonimi;12.273423;14.478024
maschiare;sintetico;Conversione;are;;;;unknown;no_sinonimi;16.654602;11.365759
ammassare;sintetico;Parasintesi+DoppioStadioDerivativo;ad_are;;;;unknown;no_sinonimi;13.025953;13.743607
massificare;sintetico;Suffissazione;ificare;;;;unknown;no_sinonimi;14.491247;11.429832
medicare;sintetico;Conversione;are;;;;unknown;no_sinonimi;14.078753;15.048392
smembrare;sintetico;Parasintesi+DoppioStadioDerivativo;s_are;;;;unknown;no_sinonimi;12.353403;13.302789
memorizzare;sintetico;Suffissazione;izzare;;;;unknown;no_sinonimi;14.735348;10.423147
meravigliare;sintetico;Conversione;are;;;;unknown;no_sinonimi;14.800239;14.095978
ministrare;sintetico;Conversione;are;;;;unknown;no_sinonimi;13.523498;13.15835
amministrare;sintetico;Parasintesi+DoppioStadioDerivativo;ad_are;;;;unknown;no_sinonimi;12.30338;13.462566
misurare;sintetico;Conversione;are;;;;unknown;no_sinonimi;16.114746;10.207882
modellare;sintetico;Conversione;are;;;;unknown;no_sinonimi;16.539246;9.773095
modificare;sintetico;Suffissazione;ificare;;;;unknown;no_sinonimi;14.286583;10.114979
ammogliare;sintetico;Parasintesi+DoppioStadioDerivativo;ad_are;;;;unknown;ha_sinonimi;12.373628;14.471556
montare;sintetico;Conversione;are;;;;unknown;no_sinonimi;15.293635;9.928748
ammontare;sintetico;Parasintesi+DoppioStadioDerivativo;ad_are;;;;unknown;no_sinonimi;12.96774;12.990232
smontare;sintetico;Parasintesi+DoppioStadioDerivativo;s_are;;;;unknown;no_sinonimi;14.81692;9.845549
mortificare;sintetico;Suffissazione;ificare;;;;unknown;no_sinonimi;14.733572;13.632894
motivare;sintetico;Conversione;are;;;;unknown;no_sinonimi;13.727752;11.808114
motorizzare;sintetico;Suffissazione;izzare;;;;unknown;no_sinonimi;15.290887;9.924987
movimentare;sintetico;Conversione;are;;;;unknown;ha_sinonimi;16.817333;10.389761
ammucchiare;sintetico;Parasintesi+DoppioStadioDerivativo;ad_are;;;;unknown;no_sinonimi;17.17739;12.266045
murare;sintetico;Conversione;are;;;;unknown;no_sinonimi;17.004221;9.812191
musicare;sintetico;Conversione;are;;;;unknown;ha_sinonimi;11.839197;11.38403
snaturare;sintetico;Parasintesi+DoppioStadioDerivativo;s_are;;;;unknown;no_sinonimi;14.064626;10.721633
annebbiare;sintetico;Parasintesi+DoppioStadioDerivativo;ad_are;;;;unknown;no_sinonimi;16.65242;12.090608
necessitare;sintetico;Conversione;are;;;;unknown;no_sinonimi;14.709035;10.540893
negoziare;sintetico;Conversione;are;;;;unknown;no_sinonimi;12.998343;13.769153
innervare;sintetico;Parasintesi+DoppioStadioDerivativo;in_are;;;;unknown;no_sinonimi;16.767244;10.648231
snervare;sintetico;Parasintesi+DoppioStadioDerivativo;s_are;;;;unknown;no_sinonimi;16.152084;12.925625
annoiare;sintetico;Parasintesi+DoppioStadioDerivativo;ad_are;;;;unknown;ha_sinonimi;15.172165;14.023247
nomare;sintetico;Conversione;are;;;;unknown;no_sinonimi;13.457177;13.789721
nominare;sintetico;Conversione;are;;;;unknown;ha_sinonimi;11.899752;12.793807
numerare;sintetico;Conversione;are;;;;unknown;ha_sinonimi;15.399097;10.62302
occasionare;sintetico;Conversione;are;;;;unknown;ha_sinonimi;13.80186;11.540527
oculare;sintetico;Conversione;are;;;;unknown;no_sinonimi;16.86469;10.92159
adocchiare;sintetico;Parasintesi+DoppioStadioDerivativo;ad_are;;;;unknown;no_sinonimi;14.761631;14.6822195
inoculare;sintetico;Parasintesi+DoppioStadioDerivativo;in_are;;;;unknown;no_sinonimi;17.151075;11.2479315
occhieggiare;sintetico;Suffissazione;eggiare;;;;unknown;no_sinonimi;17.125814;11.588913
odiare;sintetico;Conversione;are;;;;unknown;ha_sinonimi;14.419509;14.046811
odorare;sintetico;Conversione;are;;;;unknown;ha_sinonimi;17.629335;11.851123
oliare;sintetico;Conversione;are;;;;unknown;no_sinonimi;17.964672;12.221172
ombrare;sintetico;Conversione;are;;;;unknown;no_sinonimi;14.019366;13.580976
adombrare;sintetico;Parasintesi+DoppioStadioDerivativo;ad_are;;;;unknown;ha_sinonimi;13.705515;11.970404
ombreggiare;sintetico;Suffissazione;eggiare;;;;unknown;ha_sinonimi;17.377354;10.532604
inondare;sintetico;Parasintesi+DoppioStadioDerivativo;in_are;;;;unknown;no_sinonimi;17.278719;11.101338
ondeggiare;sintetico;Suffissazione;eggiare;;;;unknown;no_sinonimi;16.98959;11.3829565
onorare;sintetico;Conversione;are;;;;unknown;ha_sinonimi;13.840857;14.051439
operare;sintetico;Conversione;are;;;;unknown;no_sinonimi;13.327766;10.273234
adoperare;sintetico;Parasintesi+DoppioStadioDerivativo;ad_are;;;;unknown;no_sinonimi;13.540037;10.042662
ordinare;sintetico;Conversione;are;;;;unknown;ha_sinonimi;12.065947;12.806476
orecchiare;sintetico;Conversione;are;;;;unknown;no_sinonimi;16.973097;12.1237135
orare;sintetico;Conversione;are;;;;unknown;no_sinonimi;16.686857;9.479483
ospedalizzare;sintetico;Suffissazione;izzare;;;;unknown;no_sinonimi;14.049705;15.14547
ospitare;sintetico;Conversione;are;;;;unknown;ha_sinonimi;13.994849;10.029415
ossificare;sintetico;Suffissazione;ificare;;;;unknown;no_sinonimi;16.89459;10.8380785
impaccare;sintetico;Parasintesi+DoppioStadioDerivativo;in_are;;;;unknown;no_sinonimi;16.723461;10.554108
pacificare;sintetico;Suffissazione;ificare;;;;unknown;ha_sinonimi;12.663142;14.082862
impaginare;sintetico;Parasintesi+DoppioStadioDerivativo;in_are;;;;unknown;no_sinonimi;16.308674;9.568748
appaiare;sintetico;Parasintesi+DoppioStadioDerivativo;ad_are;;;;unknown;no_sinonimi;15.634406;11.32407
spaiare;sintetico;Parasintesi+DoppioStadioDerivativo;s_are;;;;unknown;no_sinonimi;16.533524;10.609598
pallare;sintetico;Conversione;are;;;;unknown;no_sinonimi;12.89715;13.560151
impallare;sintetico;Parasintesi+DoppioStadioDerivativo;in_are;;;;unknown;ha_sinonimi;15.4137745;12.752888
palleggiare;sintetico;Suffissazione;eggiare;;;;unknown;no_sinonimi;15.61433;11.9126215
impanare;sintetico;Parasintesi+DoppioStadioDerivativo;in_are;;;;unknown;no_sinonimi;17.963966;12.18608
parcare;sintetico;Conversione;are;;;;unknown;no_sinonimi;16.767958;11.755184
apparentare;sintetico;Parasintesi+DoppioStadioDerivativo;ad_are;;;;unknown;no_sinonimi;13.600637;12.230333
imparentare;sintetico;Parasintesi+DoppioStadioDerivativo;in_are;;;;unknown;no_sinonimi;11.958566;14.290282
impartire;sintetico;Parasintesi+DoppioStadioDerivativo;in_ire;;;;unknown;no_sinonimi;12.8804;12.044192
spartire;sintetico;Parasintesi+DoppioStadioDerivativo;s_ire;;;;unknown;no_sinonimi;12.694715;14.076726
spartire;sintetico;Parasintesi+DoppioStadioDerivativo;s_ire;;;;unknown;no_sinonimi;12.6688795;14.087327
partire;sintetico;Conversione;ire;;;;unknown;no_sinonimi;12.237207;10.358345
appartare;sintetico;Parasintesi+DoppioStadioDerivativo;ad_are;;;;unknown;no_sinonimi;15.780525;14.496685
parteggiare;sintetico;Suffissazione;eggiare;;;;unknown;ha_sinonimi;12.184407;13.796718
appassionare;sintetico;Parasintesi+DoppioStadioDerivativo;ad_are;;;;unknown;no_sinonimi;14.692816;13.88802
passare;sintetico;Conversione;are;;;;unknown;no_sinonimi;12.233525;10.311844
passeggiare;sintetico;Suffissazione;eggiare;;;;unknown;no_sinonimi;16.055376;14.536269
patteggiare;sintetico;Suffissazione;eggiare;;;;unknown;ha_sinonimi;13.042901;15.157648
impaurire;sintetico;Parasintesi+DoppioStadioDerivativo;in_ire;;;;unknown;ha_sinonimi;14.895049;14.204031
spellare;sintetico;Parasintesi+DoppioStadioDerivativo;s_are;;;;unknown;no_sinonimi;17.724537;12.369822
pelare;sintetico;Conversione;are;;;;unknown;no_sinonimi;17.802372;12.296714
penare;sintetico;Conversione;are;;;;unknown;ha_sinonimi;15.241827;13.341708
impensierire;sintetico;Parasintesi+DoppioStadioDerivativo;in_ire;;;;unknown;no_sinonimi;15.442526;12.27649
pensionare;sintetico;Conversione;are;;;;unknown;ha_sinonimi;14.243614;9.343384
pericolare;sintetico;Conversione;are;;;;unknown;no_sinonimi;15.449107;13.445575
periodare;sintetico;Conversione;are;;;;unknown;no_sinonimi;14.641698;11.365497
impersonare;sintetico;Parasintesi+DoppioStadioDerivativo;in_are;;;;unknown;no_sinonimi;12.542204;12.30964
personificare;sintetico;Suffissazione;ificare;;;;unknown;no_sinonimi;13.733642;13.348402
pescare;sintetico;Conversione;are;;;;unknown;no_sinonimi;17.453886;12.569483
pesare;sintetico;Conversione;are;;;;unknown;ha_sinonimi;15.988963;10.409597
spesare;sintetico;Parasintesi+DoppioStadioDerivativo;s_are;;;;unknown;no_sinonimi;13.183165;12.897538
spezzare;sintetico;Parasintesi+DoppioStadioDerivativo;s_are;;;;unknown;ha_sinonimi;15.53508;11.608313
pianificare;sintetico;Suffissazione;ificare;;;;unknown;ha_sinonimi;12.172954;10.942569
piantare;sintetico;Conversione;are;;;;unknown;no_sinonimi;17.30134;10.934057
impiantare;sintetico;Parasintesi+DoppioStadioDerivativo;in_are;;;;unknown;no_sinonimi;13.377057;10.367848
piazzare;sintetico;Conversione;are;;;;unknown;no_sinonimi;15.296125;11.129387
spiazzare;sintetico;Parasintesi+DoppioStadioDerivativo;s_are;;;;unknown;no_sinonimi;14.962713;14.1534395
spiazzare;sintetico;Parasintesi+DoppioStadioDerivativo;s_are;;;;unknown;no_sinonimi;14.990223;14.124358
appiedare;sintetico;Parasintesi+DoppioStadioDerivativo;ad_are;;;;unknown;no_sinonimi;15.264835;10.053975
impietrire;sintetico;Parasintesi+DoppioStadioDerivativo;in_ire;;;;unknown;no_sinonimi;15.827396;13.761798
poetare;sintetico;Conversione;are;;;;unknown;ha_sinonimi;12.339726;11.614589
impolverare;sintetico;Parasintesi+DoppioStadioDerivativo;in_are;;;;unknown;ha_sinonimi;17.503956;12.055612
spolverare;sintetico;Parasintesi+DoppioStadioDerivativo;s_are;;;;unknown;no_sinonimi;17.929089;12.254116
spolverare;sintetico;Parasintesi+DoppioStadioDerivativo;s_are;;;;unknown;no_sinonimi;17.977415;12.338833
polverizzare;sintetico;Suffissazione;izzare;;;;unknown;no_sinonimi;17.54691;12.003292
popolare;sintetico;Conversione;are;;;;unknown;no_sinonimi;13.008687;10.932529
impopolare;sintetico;Parasintesi+DoppioStadioDerivativo;in_are;;;;unknown;no_sinonimi;13.552312;12.721849
spopolare;sintetico;Parasintesi+DoppioStadioDerivativo;s_are;;;;unknown;no_sinonimi;13.147626;10.73345
spopolare;sintetico;Parasintesi+DoppioStadioDerivativo;s_are;;;;unknown;no_sinonimi;13.185754;10.760012
posizionare;sintetico;Conversione;are;;;;unknown;ha_sinonimi;15.52134;9.9611635
postare;sintetico;Conversione;are;;;;unknown;no_sinonimi;15.190607;12.902838
impostare;sintetico;Parasintesi+DoppioStadioDerivativo;in_are;;;;unknown;no_sinonimi;15.922716;9.630327
posteggiare;sintetico;Suffissazione;eggiare;;;;unknown;no_sinonimi;16.080284;11.997198
postare;sintetico;Conversione;are;;;;unknown;no_sinonimi;15.131845;12.9247
impostare;sintetico;Parasintesi+DoppioStadioDerivativo;in_are;;;;unknown;no_sinonimi;15.924591;9.624941
posteggiare;sintetico;Suffissazione;eggiare;;;;unknown;no_sinonimi;16.155481;11.854838
potenziare;sintetico;Conversione;are;;;;unknown;no_sinonimi;14.408709;10.108223
pranzare;sintetico;Conversione;are;;;;unknown;ha_sinonimi;15.525626;14.839706
praticare;sintetico;Conversione;are;;;;unknown;ha_sinonimi;13.049644;11.382433
impratichire;sintetico;Parasintesi+DoppioStadioDerivativo;in_ire;;;;unknown;no_sinonimi;13.005952;11.472438
premiare;sintetico;Conversione;are;;;;unknown;ha_sinonimi;12.179132;12.752739
presenziare;sintetico;Conversione;are;;;;unknown;no_sinonimi;12.185282;11.059688
apprezzare ;sintetico;Parasintesi+DoppioStadioDerivativo;ad_are;;;;unknown;no_sinonimi;14.737441;13.996422
sprezzare;sintetico;Parasintesi+DoppioStadioDerivativo;s_are;;;;unknown;no_sinonimi;14.133979;13.453193
imprigionare;sintetico;Parasintesi+DoppioStadioDerivativo;in_are;;;;unknown;ha_sinonimi;12.678134;15.191977
sprigionare;sintetico;Parasintesi+DoppioStadioDerivativo;s_are;;;;unknown;no_sinonimi;16.083658;10.673009
principiare;sintetico;Conversione;are;;;;unknown;no_sinonimi;13.807681;14.080759
processare;sintetico;Conversione;are;;;;unknown;ha_sinonimi;12.648905;15.288063
processare;sintetico;Conversione;are;;;;unknown;ha_sinonimi;12.640032;15.250617
profumare;sintetico;Conversione;are;;;;unknown;ha_sinonimi;17.881983;11.83804
progettare;sintetico;Conversione;are;;;;unknown;ha_sinonimi;12.698412;10.913735
programmare;sintetico;Conversione;are;;;;unknown;ha_sinonimi;11.998427;10.795623
spropositare;sintetico;Parasintesi+DoppioStadioDerivativo;s_are;;;;unknown;no_sinonimi;13.27844;12.82469
impugnare;sintetico;Parasintesi+DoppioStadioDerivativo;in_are;;;;unknown;no_sinonimi;16.22339;11.975569
puntare;sintetico;Conversione;are;;;;unknown;no_sinonimi;14.893313;10.941997
appuntare;sintetico;Parasintesi+DoppioStadioDerivativo;ad_are;;;;unknown;no_sinonimi;15.850481;12.395698
appuntire;sintetico;Parasintesi+DoppioStadioDerivativo;ad_ire;;;;unknown;no_sinonimi;16.926046;9.495374
impuntare;sintetico;Parasintesi+DoppioStadioDerivativo;in_are;;;;unknown;no_sinonimi;15.817656;12.758758
spuntare;sintetico;Parasintesi+DoppioStadioDerivativo;s_are;;;;unknown;no_sinonimi;15.681491;11.261416
spuntare;sintetico;Parasintesi+DoppioStadioDerivativo;s_are;;;;unknown;no_sinonimi;15.76077;11.30686
spuntare;sintetico;Parasintesi+DoppioStadioDerivativo;s_are;;;;unknown;no_sinonimi;15.735656;11.296589
spuntare;sintetico;Parasintesi+DoppioStadioDerivativo;s_are;;;;unknown;no_sinonimi;15.733516;11.293108
puntare;sintetico;Conversione;are;;;;unknown;no_sinonimi;14.888271;10.887559
appuntare;sintetico;Parasintesi+DoppioStadioDerivativo;ad_are;;;;unknown;no_sinonimi;15.849575;12.396346
punteggiare;sintetico;Suffissazione;eggiare;;;;unknown;no_sinonimi;17.16169;10.1525755
quadrare;sintetico;Conversione;are;;;;unknown;no_sinonimi;16.827265;9.4314
inquadrare;sintetico;Parasintesi+DoppioStadioDerivativo;in_are;;;;unknown;no_sinonimi;15.842395;9.683592
squadrare;sintetico;Parasintesi+DoppioStadioDerivativo;s_are;;;;unknown;no_sinonimi;16.889341;9.470533
squadrare;sintetico;Parasintesi+DoppioStadioDerivativo;s_are;;;;unknown;no_sinonimi;16.842867;9.426574
acquartierare;sintetico;Parasintesi+DoppioStadioDerivativo;ad_are;;;;unknown;no_sinonimi;12.666602;13.75435
questionare;sintetico;Conversione;are;;;;unknown;ha_sinonimi;13.967588;12.357726
arrabbiare;sintetico;Parasintesi+DoppioStadioDerivativo;ad_are;;;;unknown;no_sinonimi;14.647828;14.259754
radiare;sintetico;Conversione;are;;;;unknown;no_sinonimi;14.297123;9.337973
radiare;sintetico;Conversione;are;;;;unknown;no_sinonimi;14.311545;9.331013
irradiare;sintetico;Parasintesi+DoppioStadioDerivativo;in_are;;;;unknown;no_sinonimi;16.187075;10.428419
irradiare;sintetico;Parasintesi+DoppioStadioDerivativo;in_are;;;;unknown;no_sinonimi;16.235651;10.4700365
raggiare;sintetico;Conversione;are;;;;unknown;no_sinonimi;16.74402;9.415144
irraggiare;sintetico;Parasintesi+DoppioStadioDerivativo;in_are;;;;unknown;no_sinonimi;16.211369;10.444329
ragionare;sintetico;Conversione;are;;;;unknown;no_sinonimi;14.553207;12.621474
sragionare;sintetico;Parasintesi+DoppioStadioDerivativo;s_are;;;;unknown;no_sinonimi;16.147692;13.097792
ramare;sintetico;Conversione;are;;;;unknown;no_sinonimi;17.776411;11.568485
ramificare;sintetico;Suffissazione;ificare;;;;unknown;no_sinonimi;16.85303;9.929421
regnare;sintetico;Conversione;are;;;;unknown;no_sinonimi;12.476199;14.175283
regolare;sintetico;Conversione;are;;;;unknown;ha_sinonimi;14.230672;11.069572
relazionare;sintetico;Conversione;are;;;;unknown;ha_sinonimi;14.01666;11.908024
rischiare;sintetico;Conversione;are;;;;unknown;ha_sinonimi;13.768704;10.796931
arrischiare;sintetico;Parasintesi+DoppioStadioDerivativo;ad_are;;;;unknown;no_sinonimi;14.659311;12.639554
rispettare;sintetico;Conversione;are;;;;unknown;ha_sinonimi;14.230995;11.156765
arrivare;sintetico;Parasintesi+DoppioStadioDerivativo;ad_are;;;;unknown;no_sinonimi;12.188369;10.2992935
rivoluzionare;sintetico;Conversione;are;;;;unknown;ha_sinonimi;13.450013;10.579198
rumoreggiare;sintetico;Suffissazione;eggiare;;;;unknown;ha_sinonimi;15.971138;13.525304
ruotare;sintetico;Conversione;are;;;;unknown;no_sinonimi;15.707455;10.293164
sabbiare;sintetico;Conversione;are;;;;unknown;no_sinonimi;17.646215;11.5505
insabbiare;sintetico;Parasintesi+DoppioStadioDerivativo;in_are;;;;unknown;no_sinonimi;13.947053;12.807078
insaccare;sintetico;Parasintesi+DoppioStadioDerivativo;in_are;;;;unknown;no_sinonimi;15.604169;11.675694
saccheggiare;sintetico;Suffissazione;eggiare;;;;unknown;no_sinonimi;12.539042;13.615618
salare;sintetico;Conversione;are;;;;unknown;no_sinonimi;18.054419;12.192724
sanguinare;sintetico;Conversione;are;;;;unknown;no_sinonimi;17.012447;12.485295
insanguinare;sintetico;Parasintesi+DoppioStadioDerivativo;in_are;;;;unknown;no_sinonimi;15.448853;12.35785
saporire;sintetico;Conversione;ire;;;;unknown;no_sinonimi;18.102606;12.103382
assaporare;sintetico;Parasintesi+DoppioStadioDerivativo;ad_are;;;;unknown;no_sinonimi;16.553953;13.657273
insaporire;sintetico;Parasintesi+DoppioStadioDerivativo;in_ire;;;;unknown;no_sinonimi;17.945768;12.322767
scalare;sintetico;Conversione;are;;;;unknown;no_sinonimi;15.397547;10.431259
scatolare;sintetico;Conversione;are;;;;unknown;no_sinonimi;16.594267;9.930262
inscatolare;sintetico;Parasintesi+DoppioStadioDerivativo;in_are;;;;unknown;no_sinonimi;17.611187;12.365875
inscenare;sintetico;Parasintesi+DoppioStadioDerivativo;in_are;;;;unknown;ha_sinonimi;12.296759;11.812309
sceneggiare;sintetico;Suffissazione;eggiare;;;;unknown;ha_sinonimi;11.871558;11.2750435
schienare;sintetico;Conversione;are;;;;unknown;no_sinonimi;15.427284;11.993329
schifare;sintetico;Conversione;are;;;;unknown;no_sinonimi;14.997526;13.543103
segnare;sintetico;Conversione;are;;;;unknown;ha_sinonimi;15.004148;11.394167
assegnare;sintetico;Parasintesi+DoppioStadioDerivativo;ad_are;;;;unknown;no_sinonimi;12.091503;12.8723755
insegnare;sintetico;Parasintesi+DoppioStadioDerivativo;in_are;;;;unknown;no_sinonimi;12.748439;11.7434845
significare;sintetico;Suffissazione;ificare;;;;unknown;ha_sinonimi;16.94529;11.983368
servire;sintetico;Conversione;ire;;;;unknown;no_sinonimi;13.604946;9.989435
asservire;sintetico;Parasintesi+DoppioStadioDerivativo;ad_ire;;;;unknown;no_sinonimi;13.551589;13.523649
assetare;sintetico;Parasintesi+DoppioStadioDerivativo;ad_are;;;;unknown;no_sinonimi;16.576056;13.272954
sezionare;sintetico;Conversione;are;;;;unknown;no_sinonimi;16.918896;11.3356905
signoreggiare;sintetico;Suffissazione;eggiare;;;;unknown;ha_sinonimi;12.604038;13.851669
silenziare;sintetico;Conversione;are;;;;unknown;ha_sinonimi;16.049685;10.833722
simpatizzare;sintetico;Suffissazione;izzare;;;;unknown;ha_sinonimi;11.814783;13.815309
sindacare;sintetico;Conversione;are;;;;unknown;no_sinonimi;14.175613;12.772857
sistemare;sintetico;Conversione;are;;;;unknown;no_sinonimi;15.177356;9.805443
assoggettare;sintetico;Parasintesi+DoppioStadioDerivativo;ad_are;;;;unknown;no_sinonimi;12.508162;13.858953
sognare;sintetico;Conversione;are;;;;unknown;ha_sinonimi;15.06467;13.386815
assoldare;sintetico;Parasintesi+DoppioStadioDerivativo;ad_are;;;;unknown;no_sinonimi;11.638124;12.812643
soleggiare;sintetico;Suffissazione;eggiare;;;;unknown;no_sinonimi;17.443903;10.598381
sommare;sintetico;Conversione;are;;;;unknown;no_sinonimi;14.608558;11.804509
assommare;sintetico;Parasintesi+DoppioStadioDerivativo;ad_are;;;;unknown;no_sinonimi;12.934959;12.933043
assonnare;sintetico;Parasintesi+DoppioStadioDerivativo;ad_are;;;;unknown;no_sinonimi;15.861851;14.011078
sortire;sintetico;Conversione;ire;;;;unknown;no_sinonimi;13.363333;11.731756
assortire;sintetico;Parasintesi+DoppioStadioDerivativo;ad_ire;;;;unknown;no_sinonimi;17.013737;12.634961
assortire;sintetico;Parasintesi+DoppioStadioDerivativo;ad_ire;;;;unknown;no_sinonimi;16.931488;12.629635
sorteggiare;sintetico;Suffissazione;eggiare;;;;unknown;no_sinonimi;14.857276;11.860773
insospettire;sintetico;Parasintesi+DoppioStadioDerivativo;in_ire;;;;unknown;no_sinonimi;14.608045;14.492654
sostanziare;sintetico;Conversione;are;;;;unknown;ha_sinonimi;14.287467;11.403437
spalleggiare;sintetico;Suffissazione;eggiare;;;;unknown;ha_sinonimi;11.638274;12.904644
spaziare;sintetico;Conversione;are;;;;unknown;no_sinonimi;16.838072;10.097629
specificare;sintetico;Suffissazione;ificare;;;;unknown;no_sinonimi;14.471;11.008618
spesare;sintetico;Conversione;are;;;;unknown;no_sinonimi;13.198388;12.931559
sposare;sintetico;Conversione;are;;;;unknown;ha_sinonimi;12.239317;14.499872
stagionare;sintetico;Conversione;are;;;;unknown;no_sinonimi;18.104342;12.262328
stallare;sintetico;Conversione;are;;;;unknown;no_sinonimi;16.269674;11.107789
stanziare;sintetico;Conversione;are;;;;unknown;no_sinonimi;12.650571;13.718355
stazionare;sintetico;Conversione;are;;;;unknown;no_sinonimi;15.125149;9.568494
stellare;sintetico;Conversione;are;;;;unknown;no_sinonimi;16.112366;10.404615
stellare;sintetico;Conversione;are;;;;unknown;no_sinonimi;16.101368;10.371316
stomacare;sintetico;Conversione;are;;;;unknown;no_sinonimi;16.566109;11.465121
instradare;sintetico;;;;;;unknown;no_sinonimi;14.509377;10.406707
studiare;sintetico;Conversione;are;;;;unknown;no_sinonimi;12.862638;11.7042265
tabaccare;sintetico;Conversione;are;;;;unknown;no_sinonimi;18.049122;11.971528
intascare;sintetico;Parasintesi+DoppioStadioDerivativo;in_are;;;;unknown;ha_sinonimi;13.114013;13.018119
tassare;sintetico;Conversione;are;;;;unknown;ha_sinonimi;12.935737;13.019835
tavolare;sintetico;Conversione;are;;;;unknown;no_sinonimi;14.240355;11.352704
intavolare;sintetico;Parasintesi+DoppioStadioDerivativo;in_are;;;;unknown;no_sinonimi;13.096565;13.786366
telefonare;sintetico;Conversione;are;;;;unknown;no_sinonimi;14.767209;14.880533
temporeggiare;sintetico;Suffissazione;eggiare;;;;unknown;ha_sinonimi;13.559677;13.410553
terminare;sintetico;Conversione;are;;;;unknown;ha_sinonimi;12.306958;10.325908
sterminare;sintetico;Parasintesi+DoppioStadioDerivativo;s_are;;;;unknown;no_sinonimi;12.618813;13.261573
sterminare;sintetico;Parasintesi+DoppioStadioDerivativo;s_are;;;;unknown;no_sinonimi;12.566532;13.247692
atterrare;sintetico;Parasintesi+DoppioStadioDerivativo;ad_are;;;;unknown;no_sinonimi;15.10427;9.128595
interrare;sintetico;Parasintesi+DoppioStadioDerivativo;in_are;;;;unknown;no_sinonimi;16.946463;10.351231
sterrare;sintetico;Parasintesi+DoppioStadioDerivativo;s_are;;;;unknown;no_sinonimi;17.576368;10.360328
intestare;sintetico;Parasintesi+DoppioStadioDerivativo;in_are;;;;unknown;no_sinonimi;13.165387;12.826872
intimorire;sintetico;Parasintesi+DoppioStadioDerivativo;in_ire;;;;unknown;no_sinonimi;14.781469;14.025978
tipizzare;sintetico;Suffissazione;ificare;;;;unknown;no_sinonimi;14.327154;11.338406
titolare;sintetico;Conversione;are;;;;unknown;ha_sinonimi;14.888921;11.767706
intitolare;sintetico;Parasintesi+DoppioStadioDerivativo;in_are;;;;unknown;ha_sinonimi;11.595124;11.735698
intonare;sintetico;Parasintesi+DoppioStadioDerivativo;in_are;;;;unknown;no_sinonimi;15.957423;12.690158
stonare;sintetico;Parasintesi+DoppioStadioDerivativo;s_are;;;;unknown;no_sinonimi;16.015038;12.811956
tonificare;sintetico;Suffissazione;ificare;;;;unknown;no_sinonimi;16.574041;11.253764
torreggiare;sintetico;Suffissazione;eggiare;;;;unknown;no_sinonimi;17.117598;10.008673
tratteggiare;sintetico;Suffissazione;eggiare;;;;unknown;no_sinonimi;13.412444;11.982584
troncare;sintetico;Conversione;are;;;;unknown;no_sinonimi;12.479046;10.235093
stroncare;sintetico;Parasintesi+DoppioStadioDerivativo;s_are;;;;unknown;no_sinonimi;14.001381;10.711985
truccare;sintetico;Conversione;are;;;;unknown;no_sinonimi;16.245888;13.769343
struccare;sintetico;Parasintesi+DoppioStadioDerivativo;s_are;;;;unknown;no_sinonimi;17.358007;12.371695
uccellare;sintetico;Conversione;are;;;;unknown;no_sinonimi;17.01118;11.976462
ufficiare;sintetico;Conversione;are;;;;unknown;no_sinonimi;13.25793;13.434888
usare;sintetico;Conversione;are;;;;unknown;ha_sinonimi;13.70888;10.057091
svaligiare;sintetico;Parasintesi+DoppioStadioDerivativo;s_are;;;;unknown;no_sinonimi;15.144015;12.498849
avvalorare;sintetico;Parasintesi+DoppioStadioDerivativo;ad_are;;;;unknown;ha_sinonimi;13.761283;11.962226
valorizzare;sintetico;Suffissazione;izzare;;;;unknown;ha_sinonimi;14.013817;11.172495
invasare;sintetico;Parasintesi+DoppioStadioDerivativo;in_are;;;;unknown;no_sinonimi;16.48207;13.287864
svasare;sintetico;Parasintesi+DoppioStadioDerivativo;s_are;;;;unknown;no_sinonimi;16.969788;9.529774
svasare;sintetico;Parasintesi+DoppioStadioDerivativo;s_are;;;;unknown;no_sinonimi;16.96723;9.520713
svasare;sintetico;Parasintesi+DoppioStadioDerivativo;s_are;;;;unknown;no_sinonimi;16.93862;9.473643
ventilare;sintetico;Conversione;are;;;;unknown;no_sinonimi;16.528326;10.990777
avventare;sintetico;Parasintesi+DoppioStadioDerivativo;ad_are;;;;unknown;no_sinonimi;15.744497;11.786948
avventare;sintetico;Parasintesi+DoppioStadioDerivativo;ad_are;;;;unknown;no_sinonimi;15.733651;11.815624
sventare;sintetico;Parasintesi+DoppioStadioDerivativo;s_are;;;;unknown;no_sinonimi;12.421372;12.404732
sventare;sintetico;Parasintesi+DoppioStadioDerivativo;s_are;;;;unknown;no_sinonimi;12.416453;12.409452
vergognarsi;sintetico;Conversione;are;;;;unknown;no_sinonimi;14.934309;13.542012
svergognare;sintetico;Parasintesi+DoppioStadioDerivativo;s_are;;;;unknown;no_sinonimi;14.187776;13.7849
vetrificare;sintetico;Suffissazione;ificare;;;;unknown;no_sinonimi;17.069735;10.853096
avviare;sintetico;Parasintesi+DoppioStadioDerivativo;ad_are;;;;unknown;ha_sinonimi;12.339102;10.510512
inviare;sintetico;Parasintesi+DoppioStadioDerivativo;in_are;;;;unknown;no_sinonimi;11.890447;12.807805
viaggiare;sintetico;Conversione;are;;;;unknown;ha_sinonimi;15.805198;14.6337185
avvicendare;sintetico;Parasintesi+DoppioStadioDerivativo;ad_are;;;;unknown;no_sinonimi;12.044153;11.851012
villeggiare;sintetico;Suffissazione;eggiare;;;;unknown;no_sinonimi;12.536511;13.691625
vinificare;sintetico;Suffissazione;ificare;;;;unknown;no_sinonimi;18.170618;12.15825
avvisare;sintetico;Parasintesi+DoppioStadioDerivativo;ad_are;;;;unknown;no_sinonimi;13.896275;14.807056
avvistare;sintetico;Parasintesi+DoppioStadioDerivativo;ad_are;;;;unknown;no_sinonimi;15.067626;9.143897
vociare;sintetico;Conversione;are;;;;unknown;no_sinonimi;16.106918;13.705985
invogliare;sintetico;Parasintesi+DoppioStadioDerivativo;in_are;;;;unknown;no_sinonimi;14.650968;12.729222
volteggiare;sintetico;Suffissazione;eggiare;;;;unknown;no_sinonimi;17.017462;11.411049
votare;sintetico;Conversione;are;;;;unknown;ha_sinonimi;13.848438;12.649813
innamorare;sintetico;Parasintesi+DoppioStadioDerivativo;in_are;;;;unknown;no_sinonimi;14.233666;14.812759
rotare;sintetico;Conversione;are;;;;unknown;no_sinonimi;16.943247;10.489595
fare acqua;analitico;;;VN;VN;fare;unknown;no_sinonimi;15.250716;13.325257
mettere in acqua;analitico;;;VPrepN;V in N;mettere;unknown;no_sinonimi;17.588404;12.090717
dare aria;analitico;;;VN;VN;dare;unknown;no_sinonimi;15.678859;12.473121
prendere aria;analitico;;;VN;-;prendere;unknown;no_sinonimi;16.457106;11.3354225
avere attenzione;analitico;;;VN;VN;avere;unknown;no_sinonimi;14.713374;12.569132
dare attenzione;analitico;;;VN;VN;dare;unknown;no_sinonimi;14.777673;12.817338
fare attenzione;analitico;;;VN;VN;fare;unknown;no_sinonimi;15.79582;12.450651
dare atto;analitico;;;VN;VN;dare;unknown;no_sinonimi;14.23586;12.701846
mettere in atto;analitico;;;VPrepN;V in N;mettere;unknown;no_sinonimi;12.643051;11.560098
prendere atto;analitico;;;VN;-;prendere;unknown;no_sinonimi;13.965938;12.379125
mandare in azione;analitico;;;VPrepN;V in N;mandare;unknown;ha_sinonimi;14.866874;9.447887
mettere in azione;analitico;;;VPrepN;V in N;mettere;unknown;ha_sinonimi;15.496544;10.568643
andare in bagno;analitico;;;VPrepN;V in N;andare;unknown;no_sinonimi;15.755696;14.16062
mettere a bagno;analitico;;;VPrepN;V a N;mettere;unknown;no_sinonimi;17.948689;12.290306
avere una base;analitico;;;VDetN;V det_indef N;avere;unknown;ha_sinonimi;16.668055;9.440079
andare in battaglia;analitico;;;VPrepN;V in N;andare;unknown;ha_sinonimi;15.537483;11.583613
mettere bocca;analitico;;;VN;VN;mettere;unknown;no_sinonimi;14.479691;12.789808
avere a bordo;analitico;;;VPrepN;V a N;avere;unknown;no_sinonimi;15.037683;9.144179
essere a bordo;analitico;;;VPrepN;V a N;essere;unknown;no_sinonimi;15.046607;9.174557
prendere a bordo;analitico;;;VPrepN;V a N;prendere;unknown;no_sinonimi;14.975478;9.1964855
prendere a calcio;analitico;;;VPrepN;V a N;prendere;unknown;ha_sinonimi;15.362862;14.1580305
mettere in cammino;analitico;;;VPrepN;V in N;mettere;unknown;ha_sinonimi;15.430932;14.617674
avere campo;analitico;;;VN;VN;avere;unknown;no_sinonimi;15.040888;12.56597
mettere in campo;analitico;;;VPrepN;V in N;mettere;unknown;ha_sinonimi;12.879439;11.750368
avere a capo;analitico;;;VPrepN;V a N;avere;unknown;no_sinonimi;11.916781;13.123463
essere a capo;analitico;;;VPrepN;V a N;essere;unknown;ha_sinonimi;11.597431;12.62004
mettere a capo;analitico;;;VPrepN;V a N;mettere;unknown;no_sinonimi;11.667069;12.701331
avere carattere;analitico;;;VN;VN;avere;unknown;no_sinonimi;14.253683;11.455789
andare in carcere;analitico;;;VPrepN;V in N;andare;unknown;no_sinonimi;13.162683;15.067107
essere in carcere;analitico;;;VPrepN;V in N;essere;unknown;no_sinonimi;13.030971;15.139324
mettere in carcere;analitico;;;VPrepN;V in N;mettere;unknown;ha_sinonimi;12.793993;15.182381
mettere su carta;analitico;;;VPrepN;V su N;mettere;unknown;no_sinonimi;13.8543625;12.002615
andare a casa;analitico;;;VPrepN;V a N;andare;unknown;no_sinonimi;14.980888;14.935925
essere causa;analitico;;;VN;VN;essere;unknown;ha_sinonimi;13.544652;10.955129
fare causa;analitico;;;VN;VN;fare;unknown;no_sinonimi;14.106337;13.132666
fare una causa;analitico;;;VDetN;V det_indef N;fare;unknown;no_sinonimi;13.578805;13.03321
andare a cavallo;analitico;;;VPrepN;V a N;andare;unknown;no_sinonimi;16.300869;14.177605
essere a cavallo;analitico;;;VPrepN;V a N;essere;unknown;no_sinonimi;17.610006;10.525774
andare a cena;analitico;;;VPrepN;V a N;andare;unknown;ha_sinonimi;14.980864;14.91898
essere a cena;analitico;;;VPrepN;V a N;essere;unknown;ha_sinonimi;14.991049;14.952934
fare centro;analitico;;;VN;VN;fare;unknown;ha_sinonimi;15.231223;11.513462
mettere in coda;analitico;;;VPrepN;V in N;mettere;unknown;no_sinonimi;15.60023;12.877965
avere colore;analitico;;;VN;VN;avere;unknown;no_sinonimi;17.64619;11.587137
fare una colpa;analitico;;;VDetN;V det_indef N;fare;unknown;no_sinonimi;15.278908;13.106894
dare un colpo;analitico;;;VDetN;V det_indef N;dare;unknown;ha_sinonimi;15.958381;11.728119
fare colpo;analitico;;;VN;VN;fare;unknown;ha_sinonimi;14.512003;14.723411
fare un colpo;analitico;;;VDetN;V det_indef N;fare;unknown;no_sinonimi;13.709535;13.597335
mettere in commercio;analitico;;;VPrepN;V in N;mettere;unknown;ha_sinonimi;13.00341;10.253316
fare il complimento;analitico;;;VDetN;V det_def N;fare;unknown;ha_sinonimi;14.553929;13.646064
mettere in condizione;analitico;;;VPrepN;V in N;mettere;unknown;no_sinonimi;14.368446;12.290443
fare da confine;analitico;;;VPrepN;V da N;fare;unknown;no_sinonimi;17.707912;10.463368
avere contatto;analitico;;;VN;VN;avere;unknown;no_sinonimi;11.644653;13.978269
essere in contatto;analitico;;;VPrepN;V in N;essere;unknown;no_sinonimi;11.62232;13.968859
mettere a contatto;analitico;;;VPrepN;V a N;mettere;unknown;no_sinonimi;16.936626;10.834855
mettere in contatto;analitico;;;VPrepN;V in N;mettere;unknown;ha_sinonimi;11.598198;13.952896
prendere contatto;analitico;;;VN;-;prendere;unknown;ha_sinonimi;11.623306;13.9720545
essere sotto contratto;analitico;;;VPrepN;V sotto N;essere;unknown;no_sinonimi;12.230824;12.14321
fare un contratto;analitico;;;VDetN;V det_indef N;fare;unknown;no_sinonimi;14.0508375;13.107464
mettere sotto contratto;analitico;;;VPrepN;V sotto N;mettere;unknown;no_sinonimi;12.268184;12.1383705
avere in corpo;analitico;;;VPrepN;V in N;avere;unknown;no_sinonimi;16.162636;12.926732
dare corpo;analitico;;;VN;VN;dare;unknown;no_sinonimi;13.323756;11.39875
prendere corpo;analitico;;;VN;-;prendere;unknown;no_sinonimi;12.752719;10.669161
mettere in croce;analitico;;;VPrepN;V in N;mettere;unknown;ha_sinonimi;15.339626;13.528508
avere a cuore;analitico;;;VPrepN;V a N;avere;unknown;no_sinonimi;14.119016;12.624415
mettere il cuore;analitico;;;VDetN;V det_def N;mettere;unknown;no_sinonimi;15.083245;13.310005
prendere a cuore;analitico;;;VPrepN;V a N;prendere;unknown;no_sinonimi;14.211037;14.522155
avere cura;analitico;;;VN;VN;avere;unknown;ha_sinonimi;17.274353;12.300648
avere in cura;analitico;;;VPrepN;V in N;avere;unknown;ha_sinonimi;14.034249;15.063641
essere in cura;analitico;;;VPrepN;V in N;essere;unknown;no_sinonimi;14.068486;15.120933
prendere cura;analitico;;;VN;-;prendere;unknown;ha_sinonimi;14.255993;14.897072
prendere in cura;analitico;;;VPrepN;V in N;prendere;unknown;ha_sinonimi;14.111108;15.014165
essere in debito;analitico;;;VPrepN;V in N;essere;unknown;no_sinonimi;13.532025;13.085459
fare differenza;analitico;;;VN;VN;fare;unknown;ha_sinonimi;15.019941;12.958811
avere in dote;analitico;;;VPrepN;V in N;avere;unknown;no_sinonimi;12.403861;13.811254
essere in dubbio;analitico;;;VPrepN;V in N;essere;unknown;ha_sinonimi;14.0498;12.270521
mettere in dubbio;analitico;;;VPrepN;V in N;mettere;unknown;no_sinonimi;13.80719;12.125951
fare un esame;analitico;;;VDetN;V det_indef N;fare;unknown;ha_sinonimi;14.20447;12.381395
prendere in esame;analitico;;;VPrepN;V in N;prendere;unknown;ha_sinonimi;14.187751;11.708949
dare un esempio;analitico;;;VDetN;V det_indef N;dare;unknown;ha_sinonimi;14.369855;11.989686
fare un esempio;analitico;;;VDetN;V det_indef N;fare;unknown;ha_sinonimi;14.5199995;12.278932
prendere esempio;analitico;;;VN;-;prendere;unknown;no_sinonimi;14.570872;13.523463
andare in esilio;analitico;;;VPrepN;V in N;andare;unknown;no_sinonimi;12.417697;14.906405
essere in esilio;analitico;;;VPrepN;V in N;essere;unknown;no_sinonimi;12.344646;14.839317
mandare in esilio;analitico;;;VPrepN;V in N;mandare;unknown;ha_sinonimi;12.444041;14.977261
avere fame;analitico;;;VN;VN;avere;unknown;no_sinonimi;15.588339;13.500537
dare fastidio;analitico;;;VN;VN;dare;unknown;ha_sinonimi;15.241099;13.435074
andare a favore;analitico;;;VPrepN;V a N;andare;unknown;ha_sinonimi;13.521966;12.572106
avere il favore;analitico;;;VDetN;V det_def N;avere;unknown;no_sinonimi;13.666954;12.655162
essere a favore;analitico;;;VPrepN;V a N;essere;unknown;ha_sinonimi;13.766285;12.671874
essere in favore;analitico;;;VPrepN;V in N;essere;unknown;no_sinonimi;13.774122;12.525032
essere in festa;analitico;;;VPrepN;V in N;essere;unknown;no_sinonimi;15.250447;14.518745
avere a fianco;analitico;;;VPrepN;V a N;avere;unknown;ha_sinonimi;15.20283;13.772218
dare fiato;analitico;;;VN;VN;dare;unknown;no_sinonimi;15.71424;12.513418
prendere fiato;analitico;;;VN;-;prendere;unknown;ha_sinonimi;15.991613;13.195826
essere figlio;analitico;;;VN;VN;essere;unknown;no_sinonimi;12.080072;14.387162
fare un figlio;analitico;;;VDetN;V det_indef N;fare;unknown;no_sinonimi;15.076087;13.416717
fare film;analitico;;;VN;VN;fare;unknown;ha_sinonimi;14.699747;13.133089
avere fine;analitico;;;VN;VN;avere;unknown;ha_sinonimi;12.425167;10.500591
avere il fine;analitico;;;VDetN;V det_def N;avere;unknown;no_sinonimi;14.369778;11.3125515
mettere fine;analitico;;;VN;VN;mettere;unknown;ha_sinonimi;12.489046;10.610464
andare a fondo;analitico;;;VPrepN;V a N;andare;unknown;ha_sinonimi;14.67039;13.116262
andare in fondo;analitico;;;VPrepN;V in N;andare;unknown;no_sinonimi;14.30175;12.411837
dare fondo;analitico;;;VN;VN;dare;unknown;no_sinonimi;12.934789;12.161804
avere forma;analitico;;;VN;VN;avere;unknown;no_sinonimi;16.849934;9.389807
dare forma;analitico;;;VN;VN;dare;unknown;ha_sinonimi;13.445651;11.373749
essere in forma;analitico;;;VPrepN;V in N;essere;unknown;no_sinonimi;14.858273;11.324101
mettere in forma;analitico;;;VPrepN;V in N;mettere;unknown;no_sinonimi;14.545526;11.580908
prendere forma;analitico;;;VN;-;prendere;unknown;ha_sinonimi;12.785986;10.617369
fare fortuna;analitico;;;VN;VN;fare;unknown;no_sinonimi;12.896382;13.0173025
avere forza;analitico;;;VN;VN;avere;unknown;no_sinonimi;14.299447;11.767552
essere in forza;analitico;;;VPrepN;V in N;essere;unknown;no_sinonimi;12.150308;11.796239
fare forza;analitico;;;VN;VN;fare;unknown;ha_sinonimi;15.938228;11.671207
fare fotografia;analitico;;;VN;VN;fare;unknown;ha_sinonimi;16.45083;14.140904
essere fratello;analitico;;;VN;VN;essere;unknown;no_sinonimi;12.0416155;14.388902
andare di fretta;analitico;;;VPrepN;V di N;andare;unknown;no_sinonimi;15.586702;13.204384
avere fretta;analitico;;;VN;VN;avere;unknown;no_sinonimi;15.527734;13.207469
fare fronte;analitico;;;VN;VN;fare;unknown;ha_sinonimi;12.989765;12.072121
dare il frutto;analitico;;;VDetN;V det_def N;dare;unknown;ha_sinonimi;14.462941;12.611617
essere frutto;analitico;;;VN;VN;essere;unknown;no_sinonimi;13.355026;11.086003
mettere a frutto;analitico;;;VPrepN;V a N;mettere;unknown;no_sinonimi;13.285585;11.600712
andare in fuga;analitico;;;VPrepN;V in N;andare;unknown;no_sinonimi;15.343608;11.630963
essere in fuga;analitico;;;VPrepN;V in N;essere;unknown;no_sinonimi;13.337409;13.798897
mettere in fuga;analitico;;;VPrepN;V in N;mettere;unknown;ha_sinonimi;12.631027;13.174633
andare in fumo;analitico;;;VPrepN;V in N;andare;unknown;ha_sinonimi;12.819293;12.3249
mandare in fumo;analitico;;;VPrepN;V in N;mandare;unknown;no_sinonimi;12.864851;12.279432
essere in funzione;analitico;;;VPrepN;V in N;essere;unknown;ha_sinonimi;13.694256;9.873382
mettere in funzione;analitico;;;VPrepN;V in N;mettere;unknown;no_sinonimi;13.882189;9.873071
andare a fuoco;analitico;;;VPrepN;V a N;andare;unknown;no_sinonimi;15.874465;12.075343
dare fuoco;analitico;;;VN;VN;dare;unknown;ha_sinonimi;15.794269;12.055777
fare fuoco;analitico;;;VN;VN;fare;unknown;no_sinonimi;15.56744;10.997422
mettere a fuoco;analitico;;;VPrepN;V a N;mettere;unknown;ha_sinonimi;14.601765;11.616743
prendere fuoco;analitico;;;VN;-;prendere;unknown;no_sinonimi;16.106066;11.860404
essere in gamba;analitico;;;VPrepN;V in N;essere;unknown;no_sinonimi;15.00366;13.326034
essere in gara;analitico;;;VPrepN;V in N;essere;unknown;ha_sinonimi;14.908763;11.860687
fare a gara;analitico;;;VPrepN;V a N;fare;unknown;ha_sinonimi;14.283775;13.745886
fare una gara;analitico;;;VDetN;V det_indef N;fare;unknown;ha_sinonimi;15.268207;11.931548
fare il gesto;analitico;;;VDetN;V det_def N;fare;unknown;no_sinonimi;16.243967;12.493446
essere in ginocchio;analitico;;;VPrepN;V in N;essere;unknown;no_sinonimi;16.329412;12.522046
mettere in ginocchio;analitico;;;VPrepN;V in N;mettere;unknown;ha_sinonimi;14.027395;10.806686
fare il gioco;analitico;;;VDetN;V det_def N;fare;unknown;ha_sinonimi;14.285178;13.21942
mettere in gioco;analitico;;;VPrepN;V in N;mettere;unknown;no_sinonimi;14.283857;12.268092
andare in giro;analitico;;;VPrepN;V in N;andare;unknown;ha_sinonimi;16.203775;14.203599
fare il giro;analitico;;;VDetN;V det_def N;fare;unknown;ha_sinonimi;16.274664;14.436213
fare un giro;analitico;;;VDetN;V det_indef N;fare;unknown;ha_sinonimi;16.06883;14.563434
mettere in giro;analitico;;;VPrepN;V in N;mettere;unknown;no_sinonimi;14.095111;13.962814
prendere in giro;analitico;;;VPrepN;V in N;prendere;unknown;no_sinonimi;14.764496;14.189354
fare giustizia;analitico;;;VN;VN;fare;unknown;no_sinonimi;13.8742;13.859656
dare gloria;analitico;;;VN;VN;dare;unknown;ha_sinonimi;13.834781;13.776263
fare gola;analitico;;;VN;VN;fare;unknown;no_sinonimi;13.279998;13.017925
mettere in grado;analitico;;;VPrepN;V in N;mettere;unknown;no_sinonimi;14.423727;11.380623
fare gruppo;analitico;;;VN;VN;fare;unknown;ha_sinonimi;15.759539;12.299764
mettere in guaio;analitico;;;VPrepN;V in N;mettere;unknown;ha_sinonimi;14.181301;14.467064
andare in guerra;analitico;;;VPrepN;V in N;andare;unknown;no_sinonimi;13.566066;13.762484
fare una guerra;analitico;;;VDetN;V det_indef N;fare;unknown;ha_sinonimi;13.678214;13.634275
mandare in guerra;analitico;;;VPrepN;V in N;mandare;unknown;no_sinonimi;13.583315;13.923987
avere idea;analitico;;;VN;VN;avere;unknown;ha_sinonimi;14.753659;12.995654
avere una idea;analitico;;;VDetN;V det_indef N;avere;unknown;ha_sinonimi;14.6375;12.690429
dare una impressione;analitico;;;VDetN;V det_indef N;dare;unknown;no_sinonimi;16.711779;11.60203
fare impressione;analitico;;;VN;VN;fare;unknown;ha_sinonimi;15.335381;13.282573
avere inizio;analitico;;;VN;VN;avere;unknown;ha_sinonimi;12.339628;10.521588
dare inizio;analitico;;;VN;VN;dare;unknown;ha_sinonimi;12.4066;10.556581
essere di interesse;analitico;;;VPrepN;V di N;essere;unknown;ha_sinonimi;14.332781;11.74258
dare lavoro;analitico;;;VN;VN;dare;unknown;no_sinonimi;13.14434;13.039436
mettere a lavoro;analitico;;;VPrepN;V a N;mettere;unknown;no_sinonimi;14.90887;15.051609
mettere a letto;analitico;;;VPrepN;V a N;mettere;unknown;ha_sinonimi;15.114827;14.580248
avere il limite;analitico;;;VDetN;V det_def N;avere;unknown;no_sinonimi;15.822548;10.720118
avere un limite;analitico;;;VDetN;V det_indef N;avere;unknown;no_sinonimi;15.776678;10.722952
mettere in linea;analitico;;;VPrepN;V in N;mettere;unknown;ha_sinonimi;14.754369;9.569894
mettere in lista;analitico;;;VPrepN;V in N;mettere;unknown;ha_sinonimi;14.124464;13.245968
avere luogo;analitico;;;VN;VN;avere;unknown;no_sinonimi;12.336192;10.778326
dare luogo;analitico;;;VN;VN;dare;unknown;ha_sinonimi;12.594196;10.581686
essere maestro;analitico;;;VN;VN;essere;unknown;no_sinonimi;12.689534;11.742954
fare da maestro;analitico;;;VPrepN;V da N;fare;unknown;no_sinonimi;13.5252285;14.293692
fare il maestro;analitico;;;VDetN;V det_def N;fare;unknown;no_sinonimi;13.980889;14.243758
andare a male;analitico;;;VPrepN;V a N;andare;unknown;no_sinonimi;17.647379;12.38184
essere mamma;analitico;;;VN;VN;essere;unknown;no_sinonimi;14.88466;13.58017
avere in mano;analitico;;;VPrepN;V in N;avere;unknown;no_sinonimi;16.222202;12.453337
dare una mano;analitico;;;VDetN;V det_indef N;dare;unknown;no_sinonimi;14.562783;13.723761
mettere in mano;analitico;;;VPrepN;V in N;mettere;unknown;no_sinonimi;15.345976;13.430205
mettere mano;analitico;;;VN;VN;mettere;unknown;no_sinonimi;12.96062;11.80966
prendere in mano;analitico;;;VPrepN;V in N;prendere;unknown;no_sinonimi;15.232964;13.483508
essere marito;analitico;;;VN;VN;essere;unknown;no_sinonimi;12.151264;14.499103
avere massa;analitico;;;VN;VN;avere;unknown;no_sinonimi;15.915583;10.56405
essere medico;analitico;;;VN;VN;essere;unknown;no_sinonimi;13.625581;14.625953
fare il medico;analitico;;;VDetN;V det_def N;fare;unknown;no_sinonimi;13.872982;14.407537
essere membro;analitico;;;VN;VN;essere;unknown;no_sinonimi;11.664219;12.494638
avere memoria;analitico;;;VN;VN;avere;unknown;no_sinonimi;14.326584;13.529699
essere ministro;analitico;;;VN;VN;essere;unknown;no_sinonimi;13.075336;13.331773
fare il ministro;analitico;;;VDetN;V det_def N;fare;unknown;no_sinonimi;13.879041;13.159065
essere modello;analitico;;;VN;VN;essere;unknown;no_sinonimi;13.652227;10.838824
fare da modello;analitico;;;VPrepN;V da N;fare;unknown;no_sinonimi;12.900952;11.346006
prendere a modello;analitico;;;VPrepN;V a N;prendere;unknown;no_sinonimi;13.167296;11.447292
fare in modo;analitico;;;VPrepN;V in N;fare;unknown;no_sinonimi;13.872201;14.778194
dare in moglie;analitico;;;VPrepN;V in N;dare;unknown;ha_sinonimi;12.2905445;14.445783
essere moglie;analitico;;;VN;VN;essere;unknown;no_sinonimi;12.096561;14.448266
prendere in moglie;analitico;;;VPrepN;V in N;prendere;unknown;no_sinonimi;12.215727;14.451048
prendere moglie;analitico;;;VN;-;prendere;unknown;no_sinonimi;12.38397;14.466762
andare a monte;analitico;;;VPrepN;V a N;andare;unknown;no_sinonimi;12.944903;12.378888
mandare a monte;analitico;;;VPrepN;V a N;mandare;unknown;no_sinonimi;12.635031;12.222779
mandare a morte;analitico;;;VPrepN;V a N;mandare;unknown;no_sinonimi;12.584572;15.057279
mettere a morte;analitico;;;VPrepN;V a N;mettere;unknown;no_sinonimi;12.577199;15.158008
essere motivo;analitico;;;VN;VN;essere;unknown;no_sinonimi;13.456857;11.166701
dare movimento;analitico;;;VN;VN;dare;unknown;ha_sinonimi;16.96666;11.364512
essere in movimento;analitico;;;VPrepN;V in N;essere;unknown;no_sinonimi;16.25871;11.173521
mettere in movimento;analitico;;;VPrepN;V in N;mettere;unknown;ha_sinonimi;15.662998;10.372593
mettere in musica;analitico;;;VPrepN;V in N;mettere;unknown;ha_sinonimi;11.899774;11.484145
avere natura;analitico;;;VN;VN;avere;unknown;no_sinonimi;14.344668;11.404485
dare noia;analitico;;;VN;VN;dare;unknown;ha_sinonimi;15.49436;13.353721
fare il nome;analitico;;;VDetN;V det_def N;fare;unknown;no_sinonimi;13.185985;14.725296
mettere il nome;analitico;;;VDetN;V det_def N;mettere;unknown;ha_sinonimi;15.0818205;13.072712
avere il numero;analitico;;;VDetN;V det_def N;avere;unknown;no_sinonimi;15.368549;10.748497
dare il numero;analitico;;;VDetN;V det_def N;dare;unknown;ha_sinonimi;15.061998;12.796665
fare numero;analitico;;;VN;VN;fare;unknown;no_sinonimi;15.181407;12.165719
essere occasione;analitico;;;VN;VN;essere;unknown;ha_sinonimi;12.011648;10.8652725
avere il occhio;analitico;;;VDetN;V det_def N;avere;unknown;no_sinonimi;17.137331;12.375718
dare un occhio;analitico;;;VDetN;V det_indef N;dare;unknown;no_sinonimi;15.192194;12.900595
mettere il occhio;analitico;;;VDetN;V det_def N;mettere;unknown;no_sinonimi;14.445599;14.490234
avere in odio;analitico;;;VPrepN;V in N;avere;unknown;ha_sinonimi;13.974324;13.714447
avere un odore;analitico;;;VDetN;V det_indef N;avere;unknown;ha_sinonimi;17.937458;11.820334
fare ombra;analitico;;;VN;VN;fare;unknown;ha_sinonimi;17.105255;12.157383
mettere in ombra;analitico;;;VPrepN;V in N;mettere;unknown;ha_sinonimi;13.996242;13.036863
andare in onda;analitico;;;VPrepN;V in N;andare;unknown;no_sinonimi;11.630046;10.88925
essere in onda;analitico;;;VPrepN;V in N;essere;unknown;no_sinonimi;11.619396;10.868406
mandare in onda;analitico;;;VPrepN;V in N;mandare;unknown;no_sinonimi;11.574165;10.789114
mettere in onda;analitico;;;VPrepN;V in N;mettere;unknown;no_sinonimi;11.548377;10.876309
avere il onore;analitico;;;VDetN;V det_def N;avere;unknown;no_sinonimi;12.395445;11.193748
dare onore;analitico;;;VN;VN;dare;unknown;ha_sinonimi;14.659523;12.660149
fare il onore;analitico;;;VDetN;V det_def N;fare;unknown;no_sinonimi;14.873745;15.085585
fare onore;analitico;;;VN;VN;fare;unknown;ha_sinonimi;14.580266;13.6767025
essere in opera;analitico;;;VPrepN;V in N;essere;unknown;no_sinonimi;12.739908;11.073731
essere opera;analitico;;;VN;VN;essere;unknown;no_sinonimi;12.623711;11.266707
mettere in opera;analitico;;;VPrepN;V in N;mettere;unknown;no_sinonimi;12.703303;11.124061
essere in ordine;analitico;;;VPrepN;V in N;essere;unknown;no_sinonimi;15.706574;10.7721815
mettere in ordine;analitico;;;VPrepN;V in N;mettere;unknown;ha_sinonimi;15.402745;10.926019
mettere ordine;analitico;;;VN;VN;mettere;unknown;ha_sinonimi;13.903478;12.572057
andare ospite;analitico;;;VN;VN;andare;unknown;no_sinonimi;14.447769;13.325131
avere ospite;analitico;;;VN;VN;avere;unknown;ha_sinonimi;14.803108;15.00464
essere ospite;analitico;;;VN;VN;essere;unknown;no_sinonimi;12.011881;11.121972
essere in pace;analitico;;;VPrepN;V in N;essere;unknown;no_sinonimi;13.6848955;13.8765135
fare pace;analitico;;;VN;VN;fare;unknown;no_sinonimi;13.060627;14.203677
mettere pace;analitico;;;VN;VN;mettere;unknown;ha_sinonimi;12.984893;14.21504
essere padrone;analitico;;;VN;VN;essere;unknown;no_sinonimi;12.715454;13.922733
fare da padrone;analitico;;;VPrepN;V da N;fare;unknown;no_sinonimi;16.126265;11.564334
essere parente;analitico;;;VN;VN;essere;unknown;no_sinonimi;11.974574;14.341961
avere da parte;analitico;;;VPrepN;V da N;avere;unknown;no_sinonimi;13.724078;12.938768
avere parte;analitico;;;VN;VN;avere;unknown;no_sinonimi;12.281287;11.295276
essere parte;analitico;;;VN;VN;essere;unknown;no_sinonimi;11.690647;12.270428
fare parte;analitico;;;VN;VN;fare;unknown;no_sinonimi;11.643857;12.429823
prendere parte;analitico;;;VN;-;prendere;unknown;ha_sinonimi;12.214766;11.083722
fare il passo;analitico;;;VDetN;V det_def N;fare;unknown;no_sinonimi;15.960731;13.140572
avere una paura;analitico;;;VDetN;V det_indef N;avere;unknown;no_sinonimi;16.076937;13.150567
fare paura;analitico;;;VN;VN;fare;unknown;ha_sinonimi;15.265686;13.333009
mettere paura;analitico;;;VN;VN;mettere;unknown;ha_sinonimi;15.534083;12.880982
andare in pensione;analitico;;;VPrepN;V in N;andare;unknown;no_sinonimi;14.173232;9.357018
essere in pensione;analitico;;;VPrepN;V in N;essere;unknown;no_sinonimi;13.907813;13.446114
mandare in pensione;analitico;;;VPrepN;V in N;mandare;unknown;ha_sinonimi;14.205218;9.396996
mettere in pericolo;analitico;;;VPrepN;V in N;mettere;unknown;no_sinonimi;13.791698;10.875483
avere il peso;analitico;;;VDetN;V det_def N;avere;unknown;ha_sinonimi;15.869878;10.729091
avere peso;analitico;;;VN;VN;avere;unknown;no_sinonimi;15.837419;10.652538
andare in pezzo;analitico;;;VPrepN;V in N;andare;unknown;no_sinonimi;15.855641;12.117616
essere a pezzo;analitico;;;VPrepN;V a N;essere;unknown;no_sinonimi;15.040629;13.514656
fare a pezzo;analitico;;;VPrepN;V a N;fare;unknown;ha_sinonimi;12.662326;13.139481
mandare in pezzo;analitico;;;VPrepN;V in N;mandare;unknown;ha_sinonimi;15.376522;11.839709
fare piazza;analitico;;;VN;VN;fare;unknown;no_sinonimi;14.108487;13.848697
andare a piede;analitico;;;VPrepN;V a N;andare;unknown;no_sinonimi;16.095951;14.246487
essere a piede;analitico;;;VPrepN;V a N;essere;unknown;no_sinonimi;16.20825;14.336123
mettere in piede;analitico;;;VPrepN;V in N;mettere;unknown;no_sinonimi;12.40155;11.726937
mettere piede;analitico;;;VN;VN;mettere;unknown;no_sinonimi;15.066878;9.233656
prendere piede;analitico;;;VN;-;prendere;unknown;no_sinonimi;13.010799;10.630505
essere poeta;analitico;;;VN;VN;essere;unknown;no_sinonimi;12.199248;11.719552
prendere polvere;analitico;;;VN;-;prendere;unknown;ha_sinonimi;17.53732;12.264696
mettere in posizione;analitico;;;VPrepN;V in N;mettere;unknown;ha_sinonimi;16.289564;11.451522
prendere posizione;analitico;;;VN;-;prendere;unknown;no_sinonimi;13.66606;12.6142845
avere posto;analitico;;;VN;VN;avere;unknown;no_sinonimi;13.441047;11.869078
dare posto;analitico;;;VN;VN;dare;unknown;no_sinonimi;16.412664;10.978932
fare posto;analitico;;;VN;VN;fare;unknown;no_sinonimi;14.922207;10.217043
mettere a posto;analitico;;;VPrepN;V a N;mettere;unknown;no_sinonimi;15.452811;13.369216
prendere il posto;analitico;;;VDetN;V det_def N;prendere;unknown;no_sinonimi;11.713129;12.330908
prendere posto;analitico;;;VN;-;prendere;unknown;no_sinonimi;15.18297;9.680317
andare a pranzo;analitico;;;VPrepN;V a N;andare;unknown;ha_sinonimi;14.9498;14.936595
essere a pranzo;analitico;;;VPrepN;V a N;essere;unknown;ha_sinonimi;15.071123;14.817907
fare pratica;analitico;;;VN;VN;fare;unknown;ha_sinonimi;12.843758;11.610513
mettere in pratica;analitico;;;VPrepN;V in N;mettere;unknown;ha_sinonimi;13.089602;11.576632
avere in premio;analitico;;;VPrepN;V in N;avere;unknown;no_sinonimi;15.02536;12.082734
dare un premio;analitico;;;VDetN;V det_indef N;dare;unknown;ha_sinonimi;14.285523;13.236682
essere prete;analitico;;;VN;VN;essere;unknown;no_sinonimi;12.449573;14.58139
andare in prigione;analitico;;;VPrepN;V in N;andare;unknown;no_sinonimi;13.253357;14.940387
essere in prigione;analitico;;;VPrepN;V in N;essere;unknown;no_sinonimi;13.114162;15.132035
mandare in prigione;analitico;;;VPrepN;V in N;mandare;unknown;ha_sinonimi;13.216794;14.961402
mettere in prigione;analitico;;;VPrepN;V in N;mettere;unknown;ha_sinonimi;12.889198;15.132501
essere sotto processo;analitico;;;VPrepN;V sotto N;essere;unknown;no_sinonimi;13.080991;15.106353
fare il processo;analitico;;;VDetN;V det_def N;fare;unknown;ha_sinonimi;14.100778;12.843681
fare un processo;analitico;;;VDetN;V det_indef N;fare;unknown;no_sinonimi;14.194858;12.554109
mettere sotto processo;analitico;;;VPrepN;V sotto N;mettere;unknown;ha_sinonimi;12.934256;15.03373
avere in progetto;analitico;;;VPrepN;V in N;avere;unknown;ha_sinonimi;12.054561;10.870504
essere in progetto;analitico;;;VPrepN;V in N;essere;unknown;no_sinonimi;11.98534;10.785581
fare il progetto;analitico;;;VDetN;V det_def N;fare;unknown;ha_sinonimi;13.686634;12.994486
avere in programma;analitico;;;VPrepN;V in N;avere;unknown;ha_sinonimi;11.953151;10.824996
essere in programma;analitico;;;VPrepN;V in N;essere;unknown;no_sinonimi;11.897788;10.828696
fare il programma;analitico;;;VDetN;V det_def N;fare;unknown;ha_sinonimi;14.705554;12.486463
mettere in programma;analitico;;;VPrepN;V in N;mettere;unknown;no_sinonimi;11.840059;10.904662
avere in pugno;analitico;;;VPrepN;V in N;avere;unknown;no_sinonimi;14.039677;13.700555
fare a pugno;analitico;;;VPrepN;V a N;fare;unknown;no_sinonimi;14.610787;14.68344
prendere a pugno;analitico;;;VPrepN;V a N;prendere;unknown;no_sinonimi;15.035747;14.536041
fare il punto;analitico;;;VDetN;V det_def N;fare;unknown;no_sinonimi;13.985805;12.79243
fare punto;analitico;;;VN;VN;fare;unknown;no_sinonimi;15.319262;11.955506
mettere a punto;analitico;;;VPrepN;V a N;mettere;unknown;no_sinonimi;12.763312;11.091858
essere in questione;analitico;;;VPrepN;V in N;essere;unknown;no_sinonimi;14.22532;12.060803
mettere in questione;analitico;;;VPrepN;V in N;mettere;unknown;ha_sinonimi;13.962814;12.118529
avere ragione;analitico;;;VN;VN;avere;unknown;no_sinonimi;14.264343;12.946939
dare ragione;analitico;;;VN;VN;dare;unknown;no_sinonimi;14.28623;13.1234255
dare una regola;analitico;;;VDetN;V det_def N;dare;unknown;ha_sinonimi;14.401882;11.875764
mettere in regola;analitico;;;VPrepN;V in N;mettere;unknown;ha_sinonimi;13.265747;12.905824
essere in relazione;analitico;;;VPrepN;V in N;essere;unknown;no_sinonimi;13.768328;11.889644
fare una relazione;analitico;;;VDetN;V det_def N;fare;unknown;ha_sinonimi;13.904671;12.68581
mettere in relazione;analitico;;;VPrepN;V in N;mettere;unknown;ha_sinonimi;13.784853;11.793297
essere a rischio;analitico;;;VPrepN;V a N;essere;unknown;no_sinonimi;13.812082;10.774734
mettere a rischio;analitico;;;VPrepN;V a N;mettere;unknown;ha_sinonimi;13.803416;10.760486
fare rispetto;analitico;;;VN;VN;fare;unknown;no_sinonimi;14.42975;11.910049
fare una rivoluzione;analitico;;;VDetN;V det_indef N;fare;unknown;ha_sinonimi;14.378832;12.409447
andare in scena;analitico;;;VPrepN;V in N;andare;unknown;no_sinonimi;11.778673;11.248174
essere in scena;analitico;;;VPrepN;V in N;essere;unknown;no_sinonimi;11.6864605;11.151283
fare scena;analitico;;;VN;VN;fare;unknown;no_sinonimi;15.699555;13.270912
mettere in scena;analitico;;;VPrepN;V in N;mettere;unknown;ha_sinonimi;11.7414875;11.3832445
fare schifo;analitico;;;VN;VN;fare;unknown;no_sinonimi;15.331023;13.403085
andare a segno;analitico;;;VPrepN;V a N;andare;unknown;ha_sinonimi;15.287461;11.527912
essere segno;analitico;;;VN;VN;essere;unknown;ha_sinonimi;13.550687;11.048393
mettere a segno;analitico;;;VPrepN;V a N;mettere;unknown;ha_sinonimi;15.101902;11.449459
essere signore;analitico;;;VN;VN;essere;unknown;ha_sinonimi;12.422311;14.086275
fare il signore;analitico;;;VDetN;V det_def N;fare;unknown;no_sinonimi;14.987695;13.730957
fare silenzio;analitico;;;VN;VN;fare;unknown;no_sinonimi;15.713963;13.399138
prendere in simpatia;analitico;;;VPrepN;V in N;prendere;unknown;no_sinonimi;14.292047;14.660501
essere sindaco;analitico;;;VN;VN;essere;unknown;no_sinonimi;13.033524;13.4833
fare il sindaco;analitico;;;VDetN;V det_def N;fare;unknown;no_sinonimi;13.915272;13.291604
fare sistema;analitico;;;VN;VN;fare;unknown;no_sinonimi;16.068542;11.953078
fare il soldo;analitico;;;VDetN;V det_def N;fare;unknown;no_sinonimi;14.47743;13.355741
prendere il sole;analitico;;;VDetN;V det_def N;prendere;unknown;no_sinonimi;16.17438;14.529955
prendere sonno;analitico;;;VN;-;prendere;unknown;no_sinonimi;15.885446;13.3645935
avere in sorte;analitico;;;VPrepN;V in N;avere;unknown;no_sinonimi;13.424418;14.043408
dare sostanza;analitico;;;VN;VN;dare;unknown;ha_sinonimi;14.337689;11.443774
fare da spalla;analitico;;;VPrepN;V da N;fare;unknown;ha_sinonimi;12.396861;11.771384
avere spazio;analitico;;;VN;VN;avere;unknown;no_sinonimi;14.847986;12.3134985
fare spazio;analitico;;;VN;VN;fare;unknown;no_sinonimi;14.98972;10.224081
andare sposa;analitico;;;VN;VN;andare;unknown;ha_sinonimi;12.199072;14.394025
mettere in tasca;analitico;;;VPrepN;V in N;mettere;unknown;ha_sinonimi;16.193512;12.602087
essere a tavola;analitico;;;VPrepN;V a N;essere;unknown;no_sinonimi;15.652099;13.784469
avere tempo;analitico;;;VN;VN;avere;unknown;no_sinonimi;15.384461;12.958101
dare tempo;analitico;;;VN;VN;dare;unknown;no_sinonimi;15.471918;12.902462
essere in tempo;analitico;;;VPrepN;V in N;essere;unknown;no_sinonimi;14.647092;12.373384
prendere tempo;analitico;;;VN;-;prendere;unknown;ha_sinonimi;13.512247;13.393001
andare in testa;analitico;;;VPrepN;V in N;andare;unknown;no_sinonimi;15.35582;11.630421
avere in testa;analitico;;;VPrepN;V in N;avere;unknown;no_sinonimi;15.663915;12.943538
essere in testa;analitico;;;VPrepN;V in N;essere;unknown;no_sinonimi;15.371237;11.705135
mettere in testa;analitico;;;VPrepN;V in N;mettere;unknown;no_sinonimi;15.229459;13.215925
dare il titolo;analitico;;;VDetN;V det_def N;dare;unknown;ha_sinonimi;11.650804;11.938011
prendere il titolo;analitico;;;VDetN;V det_def N;prendere;unknown;ha_sinonimi;11.596342;12.06323
dare in uso;analitico;;;VPrepN;V in N;dare;unknown;no_sinonimi;12.386639;13.43992
essere in uso;analitico;;;VPrepN;V in N;essere;unknown;no_sinonimi;13.544359;10.015654
fare un uso;analitico;;;VDetN;V det_indef N;fare;unknown;no_sinonimi;13.824479;10.254776
fare uso;analitico;;;VN;VN;fare;unknown;ha_sinonimi;13.885781;10.152568
mettere in valigia;analitico;;;VPrepN;V in N;mettere;unknown;no_sinonimi;17.160069;12.427627
essere una vergogna;analitico;;;VDetN;V det_indef N;essere;unknown;no_sinonimi;14.984135;13.5076885
dare il via;analitico;;;VDetN;V det_def N;dare;unknown;ha_sinonimi;12.389123;10.586489
prendere il via;analitico;;;VDetN;V det_def N;prendere;unknown;no_sinonimi;12.121239;10.652982
essere in viaggio;analitico;;;VPrepN;V in N;essere;unknown;no_sinonimi;15.465136;14.786877
mettere in viaggio;analitico;;;VPrepN;V in N;mettere;unknown;no_sinonimi;15.436881;14.72918
essere in vista;analitico;;;VPrepN;V in N;essere;unknown;no_sinonimi;14.035462;12.309592
essere vittima;analitico;;;VN;VN;essere;unknown;no_sinonimi;13.576906;10.912539
avere voce;analitico;;;VN;VN;avere;unknown;no_sinonimi;14.587458;12.901115
dare voce;analitico;;;VN;VN;dare;unknown;no_sinonimi;13.339608;11.483622
avere voglia;analitico;;;VN;VN;avere;unknown;no_sinonimi;15.2973175;13.215536
dare il voto;analitico;;;VDetN;V det_def N;dare;unknown;ha_sinonimi;14.034052;13.016669
venire a contatto;analitico;;;VPrepN;V a N;venire;unknown;ha_sinonimi;11.619013;13.992146
venire in contatto;analitico;;;VPrepN;V in N;venire;unknown;ha_sinonimi;11.59327;13.973147
venire a capo;analitico;;;VPrepN;V a N;venire;unknown;no_sinonimi;13.641523;12.831249
