Var1;Var2;nome;added;sinonimia;Column1;Column2;Unnamed: 7;similarity_w2v;freq_Var1_w2v;freq_Var2_w2v;freq_Var1_ft;freq_Var2_ft
fare acqua;sciacquare;acqua;;;fare;;;0.29106682538986206;104;157;105;157
mettere in acqua;sciacquare;acqua;;;mettere;;;0.6238592863082886;30;157;30;157
dare amore;amoreggiare;amore;;;dare;;;;0;112;16;112
dare amore;innamorare;amore;;;dare;;;;0;11029;16;11029
essere in amore;amoreggiare;amore;;;essere;;;;0;112;10;112
essere in amore;innamorare;amore;;;essere;;;;0;11029;10;11029
fare da anello;inanellare;anello;;;fare;;;;0;348;5;348
dare anima;animare;anima;;;dare;;;;0;4401;13;4401
avere il argomento;argomentare;argomento;;;avere;;;;0;1078;6;1078
dare aria;arieggiare;aria;;;dare;;;0.5545573234558105;47;62;48;62
prendere aria;arieggiare;aria;;;prendere;;;0.6175220012664795;40;62;40;62
mettere in arma;armare;arma;;y;mettere;c;;;0;6328;0;6328
mettere in arma;armeggiare;arma;;;mettere;;;;0;87;0;87
avere attenzione;attenzionare;attenzione;;;avere;;;;20;0;20;7
dare attenzione;attenzionare;attenzione;;;dare;;;;28;0;28;7
fare attenzione;attenzionare;attenzione;;;fare;;;;800;0;805;7
avere in atto;atteggiare;atto;;;avere;;;;0;433;11;433
dare atto;atteggiare;atto;;;dare;;;0.23219113051891327;272;433;272;433
mettere in atto;atteggiare;atto;;;mettere;;;0.2136254906654358;2241;433;2241;433
prendere atto;atteggiare;atto;;;prendere;;;0.26756948232650757;1097;433;1099;433
andare in azione;azionare;azione;;;andare;;;;0;2150;6;2150
mandare in azione;azionare;azione;;y;mandare;c;;0.3293444514274597;31;2150;31;2150
mettere in azione;azionare;azione;;y;mettere;c;;0.5396320819854736;73;2150;73;2150
dare il bacio;baciare;bacio;;y;dare;c;;;0;3363;12;3363
dare un bacio;baciare;bacio;;y;dare;c;;0.7409364581108093;100;3363;102;3363
andare in bagno;bagnare;bagno;;;andare;;;0.33410316705703735;182;2625;182;2625
mettere a bagno;bagnare;bagno;;;mettere;;;0.5508613586425781;25;2625;25;2625
fare la barba;barbare;barba;;;fare;;;;0;0;0;11
fare la barba;sbarbare;barba;;y;fare;p;;;0;40;0;40
avere una base;basare;base;;y;avere;c;;0.39155566692352295;236;40898;236;40898
andare in battaglia;battagliare;battaglia;;y;andare;c;;0.3616637587547302;35;102;35;102
dare battaglia;battagliare;battaglia;;y;dare;c;;0.5200332999229431;374;102;377;102
fare la battaglia;battagliare;battaglia;;y;fare;c;;;0;102;0;102
mandare in battaglia;battagliare;battaglia;;;mandare;;;;0;102;7;102
avere bisogno;bisognare;bisogno;;y;avere;c;;0.4343920946121216;10730;21003;10737;21003
avere bisogno;abbisognare;bisogno;;y;avere;p;;0.6078041791915894;10730;207;10737;207
mettere bocca;boccare;bocca;;;mettere;;;;32;0;32;7
mettere bocca;abboccare;bocca;;;mettere;;;0.4677559733390808;32;188;32;188
mettere bocca;imboccare;bocca;;;mettere;;;0.16938355565071106;32;1543;32;1543
mettere bocca;sboccare;bocca;;;mettere;;;0.26332980394363403;32;478;32;478
mettere bocca;boccheggiare;bocca;;;mettere;;;0.5030093193054199;32;41;32;41
mettere in bocca;boccare;bocca;1.0;0;;mettere;;;125;0;0;7
mettere in bocca;abboccare;bocca;1.0;0;;mettere;;0.54388028383255;125;188;0;188
mettere in bocca;imboccare;bocca;1.0;0;y;mettere;p;0.16422846913337708;125;1543;0;1543
mettere in bocca;sboccare;bocca;1.0;0;;mettere;;0.22382007539272308;125;478;0;478
mettere in bocca;boccheggiare;bocca;1.0;0;;mettere;;0.36013686656951904;125;41;0;41
avere a bordo;bordare;bordo;;;avere;;;0.1463426649570465;94;553;95;553
avere a bordo;abbordare;bordo;;;avere;;;0.4731411933898926;94;269;95;269
avere a bordo;bordeggiare;bordo;;;avere;;;0.30706870555877686;94;23;95;23
essere a bordo;bordare;bordo;;;essere;;;0.19896605610847473;235;553;237;553
essere a bordo;abbordare;bordo;;;essere;;;0.5140628814697266;235;269;237;269
essere a bordo;bordeggiare;bordo;;;essere;;;0.26009443402290344;235;23;237;23
prendere a bordo;bordare;bordo;;;prendere;;;0.2084396630525589;38;553;39;553
prendere a bordo;abbordare;bordo;;;prendere;;;0.6638234853744507;38;269;39;269
prendere a bordo;bordeggiare;bordo;;;prendere;;;0.34082430601119995;38;23;39;23
mettere in bottiglia;imbottigliare;bottiglia;;y;mettere;p;;;0;321;10;321
dare il calcio;calciare;calcio;;y;dare;c;;;0;751;5;751
dare un calcio;calciare;calcio;;y;dare;c;;0.5213226079940796;73;751;73;751
dare il calcio;scalciare;calcio;;y;dare;p;;;0;94;5;94
dare un calcio;scalciare;calcio;;y;dare;p;;0.7117873430252075;73;94;73;94
dare il calcio;calcificare;calcio;;;dare;;;;0;74;5;74
dare un calcio;calcificare;calcio;;;dare;;;0.2864462733268738;73;74;73;74
fare calcio;calciare;calcio;;;fare;;;;0;751;7;751
fare calcio;scalciare;calcio;;;fare;;;;0;94;7;94
fare calcio;calcificare;calcio;;;fare;;;;0;74;7;74
prendere a calcio;calciare;calcio;;y;prendere;c;;0.44513627886772156;200;751;201;751
prendere a calcio;scalciare;calcio;;y;prendere;p;;0.5996472835540771;200;94;201;94
prendere a calcio;calcificare;calcio;;;prendere;;;0.16673746705055237;200;74;201;74
mettere in cammino;camminare;cammino;;y;mettere;c;;0.42200684547424316;58;5515;58;5515
mettere in cammino;incamminare;cammino;;;mettere;;;0.6971002817153931;58;491;58;491
avere campo;campare;campo;;;avere;;;0.25311246514320374;87;893;88;893
avere campo;campare;campo;;;avere;;;0.25311246514320374;87;893;88;893
avere campo;campire;campo;;;avere;;;0.12319587171077728;87;41;88;41
avere campo;campire;campo;;;avere;;;0.12319587171077728;87;41;88;41
avere campo;accampare;campo;;;avere;;;0.18148338794708252;87;1197;88;1197
avere campo;scampare;campo;;;avere;;;0.2351580411195755;87;1136;88;1136
avere campo;campeggiare;campo;;;avere;;;0.19156602025032043;87;907;88;907
avere campo;campeggiare;campo;;;avere;;;0.19156602025032043;87;907;88;907
dare il campo;campare;campo;;;dare;;;;0;893;6;893
dare il campo;campare;campo;;;dare;;;;0;893;6;893
dare il campo;campire;campo;;;dare;;;;0;41;6;41
dare il campo;campire;campo;;;dare;;;;0;41;6;41
dare il campo;accampare;campo;;;dare;;;;0;1197;6;1197
dare il campo;scampare;campo;;;dare;;;;0;1136;6;1136
dare il campo;campeggiare;campo;;;dare;;;;0;907;6;907
dare il campo;campeggiare;campo;;;dare;;;;0;907;6;907
mettere in campo;campare;campo;;;mettere;;;0.194138765335083;806;893;806;893
mettere in campo;campare;campo;;;mettere;;;0.194138765335083;806;893;806;893
mettere in campo;campire;campo;;;mettere;;;0.08381253480911255;806;41;806;41
mettere in campo;campire;campo;;;mettere;;;0.08381253480911255;806;41;806;41
mettere in campo;accampare;campo;;y;mettere;p;;0.23345252871513367;806;1197;806;1197
mettere in campo;scampare;campo;;;mettere;;;0.1399085372686386;806;1136;806;1136
mettere in campo;campeggiare;campo;;;mettere;;;0.1279648393392563;806;907;806;907
mettere in campo;campeggiare;campo;;;mettere;;;0.1279648393392563;806;907;806;907
fare il capitano;capitanare;capitano;;y;fare;c;;;0;1735;7;1735
avere a capo;capeggiare;capo;;;avere;;;0.4889155328273773;36;1966;36;1966
essere a capo;capeggiare;capo;;y;essere;s;;0.6005111932754517;1182;1966;1183;1966
mettere a capo;capeggiare;capo;;;mettere;;;0.5435086488723755;389;1966;390;1966
venire a capo;capeggiare;capo;;;venire;;;0.2997981309890747;141;1966;141;1966
avere carattere;caratterizzare;carattere;;;avere;;;0.35943737626075745;612;36403;614;36403
dare carattere;caratterizzare;carattere;;y;dare;s;;;0;36403;16;36403
andare in carcere;carcerare;carcere;;;andare;;;0.5700830221176147;76;104;76;104
andare in carcere;incarcerare;carcere;;;andare;;;0.5213861465454102;76;1463;76;1463
andare in carcere;scarcerare;carcere;;;andare;;;0.5763711929321289;76;552;76;552
essere in carcere;carcerare;carcere;;;essere;;;0.6142697334289551;241;104;243;104
essere in carcere;incarcerare;carcere;;;essere;;;0.6537808179855347;241;1463;243;1463
essere in carcere;scarcerare;carcere;;;essere;;;0.6502335071563721;241;552;243;552
mandare in carcere;carcerare;carcere;;y;mandare;c;;;0;104;19;104
mandare in carcere;incarcerare;carcere;;y;mandare;p;;;0;1463;19;1463
mandare in carcere;scarcerare;carcere;;;mandare;;;;0;552;19;552
mettere in carcere;carcerare;carcere;;y;mettere;c;;0.6924569010734558;58;104;58;104
mettere in carcere;incarcerare;carcere;;y;mettere;p;;0.7575533986091614;58;1463;58;1463
mettere in carcere;scarcerare;carcere;;;mettere;;;0.693832516670227;58;552;58;552
mettere su carta;incartare;carta;;;mettere;;;0.4018145799636841;33;123;33;123
mettere su carta;scartare;carta;;;mettere;;;0.39253661036491394;33;2442;33;2442
mettere su carta;scartare;carta;;;mettere;;;0.39253661036491394;33;2442;33;2442
andare a casa;accasare;casa;;;andare;;;0.27047356963157654;739;573;739;573
fare da casa;accasare;casa;;;fare;;;;0;573;18;573
essere in catena;incatenare;catena;;;essere;;;;0;662;9;662
essere in catena;scatenare;catena;;;essere;;;;0;7649;9;7649
mettere in catena;incatenare;catena;1.0;0;y;mettere;p;;0;662;0;662
mettere in catena;scatenare;catena;1.0;0;;mettere;;;0;7649;0;7649
mettere la catena;incatenare;catena;;;mettere;;;;0;662;0;662
mettere la catena;scatenare;catena;;;mettere;;;;0;7649;0;7649
essere causa;causare;causa;;y;essere;c;;0.7158597707748413;987;26753;1006;26753
fare causa;causare;causa;;;fare;;;0.2312440574169159;461;26753;461;26753
fare una causa;causare;causa;;;fare;;;0.2500222623348236;20;26753;20;26753
andare a cavallo;accavallare;cavallo;;;andare;;;0.30380749702453613;73;234;73;234
andare a cavallo;scavallare;cavallo;;;andare;;;;73;0;73;11
andare a cavallo;scavallare;cavallo;;;andare;;;;73;0;73;11
andare a cavallo;scavallare;cavallo;;;andare;;;;73;0;73;11
essere a cavallo;accavallare;cavallo;;;essere;;;0.23622044920921326;57;234;60;234
essere a cavallo;scavallare;cavallo;;;essere;;;;57;0;60;11
essere a cavallo;scavallare;cavallo;;;essere;;;;57;0;60;11
essere a cavallo;scavallare;cavallo;;;essere;;;;57;0;60;11
andare a cena;cenare;cena;;y;andare;c;;0.7395548820495605;133;550;133;550
essere a cena;cenare;cena;;y;essere;c;;0.6496938467025757;67;550;67;550
fare una cena;cenare;cena;;y;fare;c;;;0;550;13;550
fare centro;centrare;centro;;y;fare;c;;0.48153144121170044;92;3600;96;3600
fare centro;accentrare;centro;;;fare;;;0.25616106390953064;92;478;96;478
fare centro;incentrare;centro;;;fare;;;0.2574540972709656;92;4984;96;4984
mettere in cima;cimare;cima;;;mettere;;;;0;99;16;99
mettere in coda;accodare;coda;;;mettere;;;0.49493408203125;43;286;43;286
mettere in coda;scodare;coda;;;mettere;;;0.46578267216682434;43;20;43;20
mettere in coda;scodare;coda;;;mettere;;;0.46578267216682434;43;20;43;20
avere colore;colorare;colore;;;avere;;;0.617999255657196;220;1515;224;1515
avere colore;colorire;colore;;;avere;;;0.3148218095302582;220;159;224;159
avere colore;scolorare;colore;;;avere;;;0.6390271186828613;220;22;224;22
avere colore;scolorire;colore;;;avere;;;0.5509099364280701;220;94;224;94
dare colore;colorare;colore;;y;dare;c;;0.5649644136428833;41;1515;45;1515
dare colore;colorire;colore;;y;dare;c;;0.5468268394470215;41;159;45;159
dare colore;scolorare;colore;;;dare;;;0.6278111934661865;41;22;45;22
dare colore;scolorire;colore;;;dare;;;0.5098782777786255;41;94;45;94
prendere colore;colorare;colore;;y;prendere;c;;;0;1515;12;1515
prendere colore;colorire;colore;;y;prendere;c;;;0;159;12;159
prendere colore;scolorare;colore;;;prendere;;;;0;22;12;22
prendere colore;scolorire;colore;;;prendere;;;;0;94;12;94
avere la colpa;incolpare;colpa;;;avere;;;;0;849;0;849
fare una colpa;incolpare;colpa;;;fare;;;0.3999401032924652;26;849;26;849
dare la colpa;incolpare;colpa;;y;dare;p;;;0;849;0;849
andare a colpo;colpire;colpo;;;andare;;;;0;35664;16;35664
andare a colpo;scolpire;colpo;;;andare;;;;0;3555;16;3555
dare un colpo;colpire;colpo;;y;dare;c;;0.282871276140213;109;35664;111;35664
dare un colpo;scolpire;colpo;;;dare;;;0.15274283289909363;109;3555;111;3555
fare colpo;colpire;colpo;;y;fare;c;;0.23435050249099731;220;35664;220;35664
fare colpo;scolpire;colpo;;;fare;;;0.18887974321842194;220;3555;220;3555
fare un colpo;colpire;colpo;;;fare;;;0.3582559823989868;29;35664;31;35664
fare un colpo;scolpire;colpo;;;fare;;;0.17986014485359192;29;3555;31;3555
avere in commercio;commerciare;commercio;;;avere;;;;0;865;10;865
mettere in commercio;commerciare;commercio;;y;mettere;c;;0.2918179929256439;587;865;587;865
fare il complimento;complimentare;complimento;;y;fare;c;;0.6059550046920776;216;431;217;431
fare un complimento;complimentare;complimento;;y;fare;c;;;0;431;16;431
dare una condizione;condizionare;condizione;;;dare;;;;0;4392;6;4392
mettere in condizione;condizionare;condizione;;;mettere;;;0.3344840407371521;285;4392;285;4392
fare una confessione;confessare;confessione;;y;fare;c;;;0;5277;11;5277
fare una confessione;sconfessare;confessione;;;fare;;;;0;344;11;344
fare da confine;confinare;confine;;;fare;;;0.6148959398269653;86;4295;86;4295
fare da confine;sconfinare;confine;;;fare;;;0.3465624451637268;86;684;86;684
dare il consiglio;consigliare;consiglio;;y;dare;c;;;0;8736;14;8736
dare un consiglio;consigliare;consiglio;;y;dare;c;;0.443080872297287;64;8736;67;8736
dare il consiglio;sconsigliare;consiglio;;;dare;;;;0;1201;14;1201
dare un consiglio;sconsigliare;consiglio;;;dare;;;0.3086300492286682;64;1201;67;1201
andare a contatto;contattare;contatto;;;andare;;;;0;8933;16;8933
avere contatto;contattare;contatto;;;avere;;;0.38268259167671204;667;8933;668;8933
essere in contatto;contattare;contatto;;;essere;;;0.3608754575252533;444;8933;446;8933
mettere a contatto;contattare;contatto;;;mettere;;;0.1593332290649414;81;8933;81;8933
mettere in contatto;contattare;contatto;;y;mettere;c;;0.469540536403656;512;8933;512;8933
prendere contatto;contattare;contatto;;y;prendere;c;;0.4367052912712097;532;8933;534;8933
venire a contatto;contattare;contatto;;y;venire;c;;0.2063961625099182;840;8933;842;8933
venire in contatto;contattare;contatto;;y;venire;c;;0.33654046058654785;419;8933;419;8933
essere sotto contratto;contrattare;contratto;;;essere;;;0.4134383201599121;174;387;174;387
fare un contratto;contrattare;contratto;;;fare;;;0.4082591235637665;43;387;44;387
mettere sotto contratto;contrattare;contratto;;;mettere;;;0.3439021110534668;714;387;714;387
avere coraggio;incoraggiare;coraggio;;;avere;;;0.22263017296791077;97;4333;98;4333
avere coraggio;scoraggiare;coraggio;;;avere;;;0.31645965576171875;97;1618;98;1618
dare coraggio;incoraggiare;coraggio;;y;dare;p;;0.4373926818370819;26;4333;26;4333
dare coraggio;scoraggiare;coraggio;;;dare;;;0.4478878974914551;26;1618;26;1618
prendere coraggio;incoraggiare;coraggio;;;prendere;;;0.3277018666267395;77;4333;77;4333
prendere coraggio;scoraggiare;coraggio;;;prendere;;;0.3700824975967407;77;1618;77;1618
fare la corno;incornare;corno;;;fare;;;;0;56;0;56
fare la corno;scornare;corno;;;fare;;;;0;21;0;21
fare la corno;scornare;corno;;;fare;;;;0;21;0;21
fare la corno;cornificare;corno;;y;fare;s;;;0;31;0;31
mettere la corno;incornare;corno;;;mettere;;;;0;56;0;56
mettere la corno;scornare;corno;;;mettere;;;;0;21;0;21
mettere la corno;scornare;corno;;;mettere;;;;0;21;0;21
mettere la corno;cornificare;corno;;y;mettere;s;;;0;31;0;31
andare di corpo;accorpare;corpo;;;andare;;;;0;986;16;986
avere in corpo;accorpare;corpo;;;avere;;;0.023267440497875214;33;986;33;986
dare corpo;accorpare;corpo;;;dare;;;0.24996033310890198;227;986;227;986
prendere corpo;accorpare;corpo;;;prendere;;;0.2508925497531891;358;986;358;986
fare la corte;corteggiare;corte;;y;fare;s;;;0;937;0;937
fare una corte;corteggiare;corte;;y;fare;s;;;0;937;13;937
mettere in croce;incrociare;croce;;y;mettere;p;;0.19822907447814941;48;3709;49;3709
mettere una croce;incrociare;croce;;;mettere;;;;0;3709;12;3709
avere a cuore;accorare;cuore;;;avere;;;0.40816745162010193;300;58;302;58
avere a cuore;scorare;cuore;;;avere;;;;300;0;302;15
dare il cuore;accorare;cuore;;;dare;;;;0;58;7;58
dare il cuore;scorare;cuore;;;dare;;;;0;0;7;15
mettere il cuore;accorare;cuore;;;mettere;;;0.49793845415115356;40;58;40;58
mettere il cuore;scorare;cuore;;;mettere;;;;40;0;40;15
prendere a cuore;accorare;cuore;;;prendere;;;0.4117218255996704;140;58;140;58
prendere a cuore;scorare;cuore;;;prendere;;;;140;0;140;15
andare in cura;curare;cura;;;andare;;;;0;16537;5;16537
avere cura;curare;cura;;y;avere;c;;0.23128946125507355;484;16537;487;16537
avere in cura;curare;cura;;y;avere;c;;0.3824514150619507;109;16537;109;16537
essere in cura;curare;cura;;;essere;;;0.3255857825279236;96;16537;97;16537
essere sotto cura;curare;cura;;;essere;;;;0;16537;6;16537
mettere in cura;curare;cura;;;mettere;;;;0;16537;7;16537
prendere cura;curare;cura;;y;prendere;c;;0.4234134554862976;954;16537;955;16537
prendere in cura;curare;cura;;y;prendere;c;;0.45270437002182007;45;16537;45;16537
fare il custode;custodire;custode;;y;fare;c;;;0;5705;8;5705
andare a danno;dannare;danno;;;andare;;;;0;299;10;299
andare a danno;danneggiare;danno;;y;andare;s;;;0;9194;10;9194
fare danno;dannare;danno;;;fare;;;0.33253365755081177;207;299;210;299
fare il danno;dannare;danno;;;fare;;;0.4244529604911804;20;299;20;299
fare un danno;dannare;danno;;;fare;;;0.44738343358039856;26;299;26;299
fare danno;danneggiare;danno;;y;fare;s;;0.409070760011673;207;9194;210;9194
fare il danno;danneggiare;danno;;y;fare;s;;0.2957431674003601;20;9194;20;9194
fare un danno;danneggiare;danno;;y;fare;s;;0.34721171855926514;26;9194;26;9194
avere il debito;addebitare;debito;;;avere;;;;0;523;5;523
avere il debito;indebitare;debito;;;avere;;;;0;544;5;544
avere il debito;sdebitare;debito;;;avere;;;;0;125;5;125
essere in debito;addebitare;debito;;;essere;;;0.3532295823097229;55;523;55;523
essere in debito;indebitare;debito;;;essere;;;0.5197833180427551;55;544;55;544
essere in debito;sdebitare;debito;;;essere;;;0.49223655462265015;55;125;55;125
fare differenza;differenziare;differenza;;y;fare;c;;0.2642120122909546;158;6485;158;6485
fare la differenza;differenziare;differenza;;y;fare;c;;;0;6485;0;6485
avere dimensione;dimensionare;dimensione;;;avere;;;0.36481553316116333;806;244;806;244
avere la direzione;direzionare;direzione;;;avere;;;;0;49;0;49
avere una direzione;direzionare;direzione;;;avere;;;0.561903178691864;30;49;35;49
prendere una direzione;direzionare;direzione;;;prendere;;;0.37242862582206726;40;49;40;49
dare una direzione;direzionare;direzione;;y;dare;c;;;0;49;11;49
prendere distanza;distanziare;distanza;;y;prendere;c;;;0;1147;17;1147
avere il dolore;dolorare;dolore;;;avere;;;;0;28;12;28
avere il dolore;addolorare;dolore;;;avere;;;;0;253;12;253
dare un dolore;dolorare;dolore;;;dare;;;;0;28;6;28
dare un dolore;addolorare;dolore;;y;dare;p;;;0;253;6;253
andare in dote;dotare;dote;;;andare;;;;0;22348;6;22348
avere in dote;dotare;dote;;;avere;;;0.2481939196586609;33;22348;34;22348
avere la dote;dotare;dote;;;avere;;;;0;22348;0;22348
dare in dote;dotare;dote;;;dare;;;;0;22348;18;22348
fare il dottore;addottorare;dottore;;;fare;;;;0;34;8;34
avere il dubbio;dubitare;dubbio;;y;avere;s;;0.5065721273422241;45;1948;45;1948
avere un dubbio;dubitare;dubbio;;y;avere;s;;0.43618106842041016;23;1948;23;1948
essere in dubbio;dubitare;dubbio;;y;essere;s;;0.5321495532989502;69;1948;69;1948
mettere in dubbio;dubitare;dubbio;;;mettere;;;0.6922208070755005;1146;1948;1146;1948
essere sotto esame;esaminare;esame;;;essere;;;;0;5002;12;5002
fare un esame;esaminare;esame;;y;fare;c;;0.4921566843986511;43;5002;45;5002
mettere sotto esame;esaminare;esame;;y;mettere;c;;;0;5002;14;5002
prendere in esame;esaminare;esame;;y;prendere;c;;0.6463062763214111;739;5002;739;5002
dare un esempio;esemplificare;esempio;;y;dare;s;;0.39533138275146484;66;449;66;449
fare da esempio;esemplificare;esempio;;;fare;;;;0;449;12;449
fare un esempio;esemplificare;esempio;;y;fare;s;;0.30679863691329956;965;449;965;449
prendere a esempio;esemplificare;esempio;;;prendere;;;;0;449;16;449
prendere da esempio;esemplificare;esempio;;;prendere;;;;0;449;11;449
prendere esempio;esemplificare;esempio;;;prendere;;;0.34428250789642334;122;449;122;449
prendere in esempio;esemplificare;esempio;;;prendere;;;;0;449;14;449
andare in esilio;esiliare;esilio;;;andare;;;0.7098901271820068;306;2227;306;2227
essere in esilio;esiliare;esilio;;;essere;;;0.6347415447235107;86;2227;86;2227
mandare in esilio;esiliare;esilio;;y;mandare;c;;0.824740469455719;193;2227;195;2227
mettere la faccia;affacciare;faccia;;;mettere;;;;0;6806;0;6806
avere fame;affamare;fame;;;avere;;;0.5047839879989624;243;337;248;337
avere fame;sfamare;fame;;;avere;;;0.50868821144104;243;541;248;541
fare la fame;affamare;fame;;;fare;;;;0;337;0;337
fare la fame;sfamare;fame;;;fare;;;;0;541;0;541
fare il fascista;fascistizzare;fascista;;;fare;;;;0;0;5;11
dare fastidio;infastidire;fastidio;;y;dare;p;;0.6171900033950806;619;1295;624;1295
andare a favore;favorire;favore;;y;andare;c;;0.3666797876358032;71;14724;71;14724
andare a favore;favoreggiare;favore;;y;andare;s;;0.31688544154167175;71;22;71;22
avere il favore;favorire;favore;;;avere;;;0.41175276041030884;28;14724;29;14724
avere il favore;favoreggiare;favore;;;avere;;;0.5529828071594238;28;22;29;22
essere a favore;favorire;favore;;y;essere;c;;0.3575330078601837;428;14724;430;14724
essere a favore;favoreggiare;favore;;;essere;;;0.39025938510894775;428;22;430;22
essere in favore;favorire;favore;;;essere;;;0.3456438183784485;45;14724;45;14724
essere in favore;favoreggiare;favore;;;essere;;;0.4743761420249939;45;22;45;22
essere in festa;festeggiare;festa;;;essere;;;0.6311436891555786;35;6327;35;6327
fare festa;festeggiare;festa;;y;fare;s;;0.5530737638473511;186;6327;188;6327
fare il favore;favorire;favore;;y;fare;c;;;0;14724;13;14724
fare un favore;favorire;favore;;y;fare;c;;0.12914003431797028;141;14724;142;14724
fare il favore;favoreggiare;favore;;y;fare;s;;;0;22;13;22
fare un favore;favoreggiare;favore;;y;fare;s;;0.5901381969451904;141;22;142;22
avere a fianco;fiancare;fianco;;;avere;;;0.3467105031013489;22;33;23;33
avere a fianco;affiancare;fianco;;y;avere;p;;0.3880087733268738;22;12948;23;12948
avere a fianco;sfiancare;fianco;;;avere;;;0.31522393226623535;22;166;23;166
avere a fianco;fiancheggiare;fianco;;;avere;;;0.2426833212375641;22;930;23;930
dare fiato;fiatare;fiato;;;dare;;;0.43758624792099;82;110;82;110
dare fiato;affiatare;fiato;;;dare;;;0.13209891319274902;82;326;82;326
dare fiato;sfiatare;fiato;;;dare;;;0.46007809042930603;82;44;82;44
prendere fiato;fiatare;fiato;;y;prendere;c;;0.585088849067688;36;110;36;110
prendere fiato;affiatare;fiato;;;prendere;;;0.2393234223127365;36;326;36;326
prendere fiato;sfiatare;fiato;;;prendere;;;0.5586321353912354;36;44;36;44
essere figlio;figliare;figlio;;;essere;;;0.1721847653388977;5095;100;5151;100
fare un figlio;figliare;figlio;;;fare;;;0.5963988900184631;70;100;71;100
fare film;filmare;film;;y;fare;c;;0.3869885206222534;131;1015;132;1015
fare il filo;filare;filo;;y;fare;c;;;0;749;13;749
fare il filo;affilare;filo;;;fare;;;;0;385;13;385
fare il filo;infilare;filo;;;fare;;;;0;2667;13;2667
fare il filo;sfilare;filo;;;fare;;;;0;2328;13;2328
avere fine;finire;fine;;y;avere;c;;0.5257526636123657;411;51047;411;51047
avere il fine;finire;fine;;;avere;;;0.19707205891609192;117;51047;117;51047
fare la fine;finire;fine;;y;fare;c;;;0;51047;0;51047
mettere fine;finire;fine;;y;mettere;c;;0.36277055740356445;1583;51047;1583;51047
essere in fiore;fiorire;fiore;;y;essere;c;;;0;2316;19;2316
essere in fiore;affiorare;fiore;;;essere;;;;0;1164;19;1164
essere in fiore;affiorare;fiore;;;essere;;;;0;1164;19;1164
essere in fiore;affiorare;fiore;;;essere;;;;0;1164;19;1164
essere in fiore;infiorare;fiore;;;essere;;;;0;44;19;44
essere in fiore;sfiorire;fiore;;;essere;;;;0;86;19;86
essere in fiore;sfiorire;fiore;;;essere;;;;0;86;19;86
essere in fiore;sfiorire;fiore;;;essere;;;;0;86;19;86
andare a fondo;fondare;fondo;;;andare;;;0.09562141448259354;126;53812;129;53812
andare a fondo;affondare;fondo;;y;andare;p;;0.46443256735801697;126;5291;129;5291
andare a fondo;sfondare;fondo;;;andare;;;0.23646727204322815;126;2228;129;2228
andare a fondo;sfondare;fondo;;;andare;;;0.23646727204322815;126;2228;129;2228
andare in fondo;fondare;fondo;;;andare;;;0.16291025280952454;35;53812;38;53812
andare in fondo;affondare;fondo;;;andare;;;0.18985667824745178;35;5291;38;5291
andare in fondo;sfondare;fondo;;;andare;;;0.2128697782754898;35;2228;38;2228
andare in fondo;sfondare;fondo;;;andare;;;0.2128697782754898;35;2228;38;2228
dare fondo;fondare;fondo;;;dare;;;0.15644964575767517;114;53812;114;53812
dare fondo;affondare;fondo;;;dare;;;0.2791973352432251;114;5291;114;5291
dare fondo;sfondare;fondo;;;dare;;;0.2913745939731598;114;2228;114;2228
dare fondo;sfondare;fondo;;;dare;;;0.2913745939731598;114;2228;114;2228
mandare a fondo;fondare;fondo;;;mandare;;;;0;53812;0;53812
mandare a fondo;affondare;fondo;;y;mandare;p;;;0;5291;0;5291
mandare a fondo;sfondare;fondo;;;mandare;;;;0;2228;0;2228
mandare a fondo;sfondare;fondo;;;mandare;;;;0;2228;0;2228
avere forma;formare;forma;;;avere;;;0.34436023235321045;925;50028;925;50028
avere forma;informare;forma;;;avere;;;-0.012661963701248169;925;11108;925;11108
avere forma;informare;forma;;;avere;;;-0.012661963701248169;925;11108;925;11108
avere forma;sformare;forma;;;avere;;;0.3044559955596924;925;36;925;36
avere la forma;formare;forma;;;avere;;;;0;50028;0;50028
avere la forma;informare;forma;;;avere;;;;0;11108;0;11108
avere la forma;informare;forma;;;avere;;;;0;11108;0;11108
avere la forma;sformare;forma;;;avere;;;;0;36;0;36
dare forma;formare;forma;;y;dare;c;;0.353541761636734;470;50028;475;50028
dare forma;informare;forma;;;dare;;;0.1290949285030365;470;11108;475;11108
dare forma;informare;forma;;;dare;;;0.1290949285030365;470;11108;475;11108
dare forma;sformare;forma;;;dare;;;0.24266386032104492;470;36;475;36
essere in forma;formare;forma;;;essere;;;0.26978233456611633;335;50028;349;50028
essere in forma;informare;forma;;;essere;;;0.07959853112697601;335;11108;349;11108
essere in forma;informare;forma;;;essere;;;0.07959853112697601;335;11108;349;11108
essere in forma;sformare;forma;;;essere;;;0.2165621519088745;335;36;349;36
mettere in forma;formare;forma;;;mettere;;;0.2519528865814209;23;50028;24;50028
mettere in forma;informare;forma;;;mettere;;;0.22923459112644196;23;11108;24;11108
mettere in forma;informare;forma;;;mettere;;;0.22923459112644196;23;11108;24;11108
mettere in forma;sformare;forma;;;mettere;;;0.38808968663215637;23;36;24;36
prendere forma;formare;forma;;y;prendere;c;;0.35656267404556274;889;50028;891;50028
prendere forma;informare;forma;;;prendere;;;0.08030933141708374;889;11108;891;11108
prendere forma;informare;forma;;;prendere;;;0.08030933141708374;889;11108;891;11108
prendere forma;sformare;forma;;;prendere;;;0.1951124668121338;889;36;891;36
avere fortuna;infortunare;fortuna;;;avere;;;;284;0;285;0
fare fortuna;infortunare;fortuna;;;fare;;;;202;0;202;0
avere forza;forzare;forza;;;avere;;;0.18967819213867188;247;5714;251;5714
avere forza;sforzare;forza;;;avere;;;0.2805579900741577;247;6211;251;6211
avere forza;sforzare;forza;;;avere;;;0.2805579900741577;247;6211;251;6211
avere forza;sforzare;forza;;;avere;;;0.2805579900741577;247;6211;251;6211
essere in forza;forzare;forza;;;essere;;;0.037080489099025726;80;5714;80;5714
essere in forza;sforzare;forza;;;essere;;;0.1541152447462082;80;6211;80;6211
essere in forza;sforzare;forza;;;essere;;;0.1541152447462082;80;6211;80;6211
essere in forza;sforzare;forza;;;essere;;;0.1541152447462082;80;6211;80;6211
fare forza;forzare;forza;;y;fare;c;;0.30317145586013794;98;5714;99;5714
fare forza;sforzare;forza;;;fare;;;0.33317244052886963;98;6211;99;6211
fare forza;sforzare;forza;;;fare;;;0.33317244052886963;98;6211;99;6211
fare forza;sforzare;forza;;;fare;;;0.33317244052886963;98;6211;99;6211
fare fotografia;fotografare;fotografia;;y;fare;c;;0.5612889528274536;52;2708;52;2708
essere fratello;affratellare;fratello;;;essere;;;0.17645417153835297;641;39;649;39
andare di fretta;affrettare;fretta;;;andare;;;0.4036765396595001;34;1273;34;1273
avere fretta;affrettare;fretta;;;avere;;;0.5235995054244995;202;1273;203;1273
essere di fretta;affrettare;fretta;;;essere;;;;0;1273;10;1273
fare di fretta;affrettare;fretta;;;fare;;;;0;1273;7;1273
fare fronte;affrontare;fronte;;y;fare;p;;0.4736465811729431;2257;29352;2260;29352
dare il frutto;fruttificare;frutto;;y;dare;s;;0.29933661222457886;49;171;49;171
essere frutto;fruttificare;frutto;;;essere;;;0.11076050996780396;2039;171;2042;171
mettere a frutto;fruttificare;frutto;;;mettere;;;0.24333646893501282;294;171;294;171
andare in fuga;fugare;fuga;;;andare;;;0.20611213147640228;48;275;48;275
essere in fuga;fugare;fuga;;;essere;;;0.17129524052143097;84;275;84;275
mettere in fuga;fugare;fuga;;y;mettere;c;;0.2620454430580139;544;275;544;275
andare in fumo;fumare;fumo;;;andare;;;0.12756356596946716;178;2182;178;2182
andare in fumo;sfumare;fumo;;y;andare;p;;0.3418217599391937;178;1389;178;1389
fare fumo;fumare;fumo;;;fare;;;;0;2182;15;2182
fare fumo;sfumare;fumo;;;fare;;;;0;1389;15;1389
mandare in fumo;fumare;fumo;;;mandare;;;0.31663525104522705;55;2182;56;2182
mandare in fumo;sfumare;fumo;;;mandare;;;0.3532539904117584;55;1389;56;1389
avere la funzione;funzionare;funzione;;y;avere;c;;;0;13160;0;13160
essere in funzione;funzionare;funzione;;y;essere;c;;0.500701904296875;439;13160;440;13160
mettere in funzione;funzionare;funzione;;;mettere;;;0.5062202215194702;163;13160;163;13160
andare a fuoco;infuocare;fuoco;;;andare;;;0.3589077591896057;127;703;127;703
andare a fuoco;sfocare;fuoco;;;andare;;;0.1472972333431244;127;129;127;129
andare a fuoco;sfocare;fuoco;;;andare;;;0.1472972333431244;127;129;127;129
dare a fuoco;infuocare;fuoco;;;dare;;;;0;703;11;703
dare a fuoco;sfocare;fuoco;;;dare;;;;0;129;11;129
dare a fuoco;sfocare;fuoco;;;dare;;;;0;129;11;129
dare fuoco;infuocare;fuoco;;y;dare;p;;0.34340694546699524;695;703;696;703
dare fuoco;sfocare;fuoco;;;dare;;;0.10076163709163666;695;129;696;129
dare fuoco;sfocare;fuoco;;;dare;;;0.10076163709163666;695;129;696;129
essere a fuoco;infuocare;fuoco;;;essere;;;;0;703;10;703
essere a fuoco;sfocare;fuoco;;;essere;;;;0;129;10;129
essere a fuoco;sfocare;fuoco;;;essere;;;;0;129;10;129
fare fuoco;infuocare;fuoco;;;fare;;;0.3336544334888458;368;703;368;703
fare fuoco;sfocare;fuoco;;;fare;;;0.17825664579868317;368;129;368;129
fare fuoco;sfocare;fuoco;;;fare;;;0.17825664579868317;368;129;368;129
mandare a fuoco;infuocare;fuoco;;y;mandare;p;;;0;703;11;703
mandare a fuoco;sfocare;fuoco;;;mandare;;;;0;129;11;129
mandare a fuoco;sfocare;fuoco;;;mandare;;;;0;129;11;129
mettere a fuoco;infuocare;fuoco;;y;mettere;p;;0.1917240470647812;378;703;378;703
mettere a fuoco;sfocare;fuoco;;;mettere;;;0.45739245414733887;378;129;378;129
mettere a fuoco;sfocare;fuoco;;;mettere;;;0.45739245414733887;378;129;378;129
prendere fuoco;infuocare;fuoco;;;prendere;;;0.41223984956741333;466;703;467;703
prendere fuoco;sfocare;fuoco;;;prendere;;;0.257344126701355;466;129;467;129
prendere fuoco;sfocare;fuoco;;;prendere;;;0.257344126701355;466;129;467;129
essere in gamba;sgambare;gamba;;;essere;;;0.5014356374740601;28;21;28;21
essere in gamba;sgambare;gamba;;;essere;;;0.5014356374740601;28;21;28;21
essere in gamba;gambizzare;gamba;;;essere;;;;28;0;28;5
prendere sotto gamba;sgambare;gamba;;;prendere;;;;0;21;8;21
prendere sotto gamba;sgambare;gamba;;;prendere;;;;0;21;8;21
prendere sotto gamba;gambizzare;gamba;;;prendere;;;;0;0;8;5
essere in gara;gareggiare;gara;;y;essere;s;;0.5009808540344238;119;2451;119;2451
fare a gara;gareggiare;gara;;y;fare;s;;0.28071609139442444;241;2451;242;2451
fare una gara;gareggiare;gara;;y;fare;s;;0.4196177124977112;45;2451;45;2451
mettere in gara;gareggiare;gara;;;mettere;;;;0;2451;15;2451
fare il gesto;gestire;gesto;;;fare;;;0.0034436506684869528;48;22706;50;22706
essere in ginocchio;inginocchiare;ginocchio;;;essere;;;;72;0;72;0
mettere in ginocchio;inginocchiare;ginocchio;;y;mettere;p;;;306;0;306;0
fare il gioco;giocare;gioco;;y;fare;c;;0.2445773184299469;176;48806;183;48806
mettere in gioco;giocare;gioco;;;mettere;;;0.2777183949947357;380;48806;381;48806
avere la gioia;gioire;gioia;;y;avere;c;;;0;669;0;669
andare a giro;girare;giro;;y;andare;c;;;0;23967;10;23967
andare in giro;girare;giro;;y;andare;c;;0.32891297340393066;909;23967;909;23967
fare il giro;girare;giro;;y;fare;c;;0.454046368598938;625;23967;628;23967
fare un giro;girare;giro;;y;fare;c;;0.4661741852760315;588;23967;592;23967
mettere in giro;girare;giro;;;mettere;;;0.17677000164985657;136;23967;136;23967
prendere in giro;girare;giro;;;prendere;;;0.25580939650535583;2117;23967;2118;23967
dare giustizia;giustiziare;giustizia;;;dare;;;;0;3037;17;3037
fare giustizia;giustiziare;giustizia;;;fare;;;0.41935738921165466;266;3037;268;3037
avere in gloria;gloriare;gloria;;;avere;;;;0;118;6;118
avere in gloria;glorificare;gloria;;;avere;;;;0;354;6;354
dare gloria;gloriare;gloria;;;dare;;;0.5421093106269836;38;118;38;118
dare gloria;glorificare;gloria;;y;dare;s;;0.5756492614746094;38;354;38;354
fare gola;golare;gola;;;fare;;;;120;0;120;13
fare gola;golare;gola;;;fare;;;;120;0;120;13
fare gola;sgolare;gola;;;fare;;;;120;0;120;0
mettere in grado;graduare;grado;;;mettere;;;0.26610830426216125;108;230;108;230
mettere in grado;gradire;grado;;;mettere;;;0.22680914402008057;108;3470;108;3470
mettere in grado;aggradare;grado;;;mettere;;;0.35718005895614624;108;113;108;113
avere la grazia;graziare;grazia;;;avere;;;;0;485;0;485
avere la grazia;aggraziare;grazia;;;avere;;;;0;92;0;92
avere la grazia;ingraziare;grazia;;;avere;;;;0;284;0;284
dare la grazia;graziare;grazia;;;dare;;;;0;485;0;485
dare la grazia;aggraziare;grazia;;;dare;;;;0;92;0;92
dare la grazia;ingraziare;grazia;;;dare;;;;0;284;0;284
fare la grazia;graziare;grazia;;y;fare;c;;;0;485;0;485
fare la grazia;aggraziare;grazia;;;fare;;;;0;92;0;92
fare la grazia;ingraziare;grazia;;;fare;;;;0;284;0;284
fare gruppo;aggruppare;gruppo;;y;fare;p;;0.43067994713783264;60;21;63;21
mettere in guaio;guaire;guaio;;;mettere;;;0.2974990904331207;134;54;134;54
mettere in guaio;inguaiare;guaio;;y;mettere;p;;0.5537159442901611;134;71;134;71
andare in guerra;agguerrire;guerra;;;andare;;;0.33544573187828064;147;112;149;112
andare in guerra;guerreggiare;guerra;;;andare;;;0.5702128410339355;147;144;149;144
fare guerra;agguerrire;guerra;;;fare;;;0.3200398087501526;160;112;163;112
fare guerra;guerreggiare;guerra;;y;fare;s;;0.6915923357009888;160;144;163;144
fare una guerra;agguerrire;guerra;;;fare;;;0.3545812964439392;42;112;43;112
fare una guerra;guerreggiare;guerra;;y;fare;s;;0.5049071311950684;42;144;43;144
mandare in guerra;agguerrire;guerra;;;mandare;;;0.42731308937072754;22;112;22;112
mandare in guerra;guerreggiare;guerra;;;mandare;;;0.4894779324531555;22;144;22;144
avere idea;ideare;idea;;y;avere;c;;0.18841858208179474;758;7221;759;7221
avere la idea;ideare;idea;;y;avere;c;;;0;7221;0;7221
avere una idea;ideare;idea;;y;avere;c;;0.20299984514713287;661;7221;662;7221
dare una impressione;impressionare;impressione;;;dare;;;0.36629825830459595;51;2373;51;2373
fare impressione;impressionare;impressione;;y;fare;p;;0.37340837717056274;70;2373;71;2373
avere inizio;iniziare;inizio;;y;avere;c;;0.6990331411361694;5235;113821;5235;113821
dare inizio;iniziare;inizio;;y;dare;c;;0.5954460501670837;2529;113821;2529;113821
avere interesse;interessare;interesse;;y;avere;c;;0.3744976222515106;777;20586;783;20586
essere di interesse;interessare;interesse;;y;essere;c;;0.4213571548461914;107;20586;109;20586
andare in lacrima;lacrimare;lacrima;;;andare;;;;0;90;9;90
dare lavoro;lavorare;lavoro;;;dare;;;0.43776780366897583;351;62498;352;62498
fare lavoro;lavorare;lavoro;;y;fare;c;;;0;62498;20;62498
mettere a lavoro;lavorare;lavoro;;;mettere;;;0.34032106399536133;27;62498;27;62498
mettere a letto;allettare;letto;;y;mettere;c;;0.34317395091056824;52;217;52;217
avere il limite;limitare;limite;;;avere;;;0.4268830716609955;30;27730;30;27730
avere un limite;limitare;limite;;;avere;;;0.34364503622055054;126;27730;126;27730
dare il limite;limitare;limite;;y;dare;c;;;0;27730;12;27730
dare un limite;limitare;limite;;y;dare;c;;;0;27730;10;27730
mettere il limite;limitare;limite;;y;mettere;c;;;0;27730;13;27730
mettere un limite;limitare;limite;;y;mettere;c;;;0;27730;17;27730
mettere in linea;lineare;linea;;;mettere;;;0.15891268849372864;62;6776;62;6776
mettere in linea;allineare;linea;;y;mettere;p;;0.32868534326553345;62;2548;62;2548
mettere in lista;listare;lista;;y;mettere;c;;0.24543052911758423;57;191;61;191
avere luogo;locare;luogo;;;avere;;;0.13384899497032166;6614;2304;6614;2304
dare luogo;locare;luogo;;y;dare;c;;0.1629655510187149;2651;2304;2656;2304
essere maestro;ammaestrare;maestro;;;essere;;;0.33543485403060913;541;173;560;173
fare da maestro;ammaestrare;maestro;;;fare;;;0.4027206599712372;33;173;33;173
fare il maestro;ammaestrare;maestro;;;fare;;;0.3212772309780121;37;173;41;173
andare a male;ammalare;male;;;andare;;;0.3411015272140503;71;2039;73;2039
avere a male;ammalare;male;;;avere;;;;0;2039;21;2039
avere male;ammalare;male;;;avere;;;0.15850713849067688;51;2039;51;2039
fare male;ammalare;male;;;fare;;;0.3730916678905487;1539;2039;1545;2039
essere mamma;smammare;mamma;;;essere;;;;89;0;97;14
essere mamma;smammare;mamma;;;essere;;;;89;0;97;14
fare da mamma;smammare;mamma;;;fare;;;;0;0;11;14
fare da mamma;smammare;mamma;;;fare;;;;0;0;11;14
avere in mano;maneggiare;mano;;;avere;;;0.4918666183948517;727;878;728;878
dare una mano;maneggiare;mano;;;dare;;;0.2469906210899353;598;878;602;878
mettere in mano;maneggiare;mano;;;mettere;;;0.36872929334640503;215;878;215;878
mettere mano;maneggiare;mano;;;mettere;;;0.28249210119247437;492;878;492;878
prendere in mano;maneggiare;mano;;;prendere;;;0.34582775831222534;689;878;691;878
mettere a mare;ammarare;mare;;y;mettere;p;;;0;101;6;101
mettere a mare;mareggiare;mare;;;mettere;;;;0;21;6;21
essere marito;maritare;marito;;;essere;;;0.5354193449020386;81;298;82;298
prendere marito;maritare;marito;;y;prendere;c;;;0;298;13;298
avere massa;ammassare;massa;;;avere;;;0.15834033489227295;127;632;127;632
avere massa;massificare;massa;;;avere;;;0.193761944770813;127;80;127;80
fare massa;ammassare;massa;;;fare;;;;0;632;13;632
fare massa;massificare;massa;;;fare;;;;0;80;13;80
essere medico;medicare;medico;;;essere;;;0.44477713108062744;222;317;223;317
fare il medico;medicare;medico;;;fare;;;0.37715500593185425;73;317;75;317
essere membro;smembrare;membro;;;essere;;;0.14320996403694153;4691;749;4697;749
avere memoria;memorizzare;memoria;;;avere;;;0.239946186542511;186;2505;187;2505
essere ministro;ministrare;ministro;;;essere;;;0.3926120102405548;811;245;831;245
essere ministro;amministrare;ministro;;;essere;;;0.28151825070381165;811;3888;831;3888
fare il ministro;ministrare;ministro;;;fare;;;0.4829549789428711;53;245;54;245
fare il ministro;amministrare;ministro;;;fare;;;0.31782883405685425;53;3888;54;3888
avere a modello;modellare;modello;;;avere;;;;0;2116;5;2116
essere modello;modellare;modello;;;essere;;;0.3138374090194702;111;2116;112;2116
fare da modello;modellare;modello;;;fare;;;0.3430500030517578;90;2116;90;2116
prendere a modello;modellare;modello;;;prendere;;;0.44013530015945435;262;2116;262;2116
dare modo;modificare;modo;;;dare;;;0.223982036113739;452;20626;452;20626
fare in modo;modificare;modo;;;fare;;;0.3062514066696167;3057;20626;3080;20626
andare in moglie;ammogliare;moglie;;y;andare;p;;;0;28;16;28
avere in moglie;ammogliare;moglie;;;avere;;;;0;28;18;28
dare in moglie;ammogliare;moglie;;y;dare;p;;0.6480053067207336;148;28;148;28
essere moglie;ammogliare;moglie;;;essere;;;0.5204346179962158;138;28;142;28
fare la moglie;ammogliare;moglie;;;fare;;;;0;28;0;28
prendere in moglie;ammogliare;moglie;;;prendere;;;0.6331519484519958;169;28;169;28
prendere moglie;ammogliare;moglie;;;prendere;;;0.7203789949417114;99;28;99;28
prendere per moglie;ammogliare;moglie;;;prendere;;;;0;28;15;28
andare a monte;montare;monte;;;andare;;;0.1052289605140686;58;13133;60;13133
andare a monte;ammontare;monte;;;andare;;;0.14231418073177338;58;3947;60;3947
andare a monte;smontare;monte;;;andare;;;0.2191489338874817;58;1502;60;1502
mandare a monte;montare;monte;;;mandare;;;0.09584686160087585;152;13133;152;13133
mandare a monte;ammontare;monte;;;mandare;;;0.19993621110916138;152;3947;152;3947
mandare a monte;smontare;monte;;;mandare;;;0.2452690154314041;152;1502;152;1502
dare la morte;mortificare;morte;;;dare;;;;0;491;0;491
dare una morte;mortificare;morte;;;dare;;;;0;491;0;491
mandare a morte;mortificare;morte;;;mandare;;;0.34927645325660706;90;491;90;491
mettere a morte;mortificare;morte;;;mettere;;;0.2998291850090027;484;491;484;491
venire a morte;mortificare;morte;;;venire;;;;0;491;17;491
essere motivo;motivare;motivo;;;essere;;;0.43278375267982483;587;2738;588;2738
dare movimento;movimentare;movimento;;y;dare;c;;0.4299360513687134;22;1147;23;1147
essere in movimento;movimentare;movimento;;;essere;;;0.30262479186058044;135;1147;136;1147
fare movimento;movimentare;movimento;;;fare;;;0.3374254107475281;30;1147;30;1147
mettere in movimento;movimentare;movimento;;y;mettere;c;;0.253033310174942;107;1147;107;1147
fare musica;musicare;musica;;;fare;;;0.30615609884262085;321;928;324;928
mettere in musica;musicare;musica;;y;mettere;c;;0.8341035842895508;210;928;210;928
avere natura;snaturare;natura;;;avere;;;0.21348756551742554;224;454;226;454
avere a noia;annoiare;noia;;;avere;;;;0;1216;6;1216
dare noia;annoiare;noia;;y;dare;p;;0.6202781200408936;43;1216;43;1216
venire a noia;annoiare;noia;;y;venire;p;;;0;1216;16;1216
avere nome;nomare;nome;;;avere;;;0.3729209005832672;439;56;440;56
avere nome;nominare;nome;;;avere;;;0.218959778547287;439;36625;440;36625
dare il nome;nomare;nome;;;dare;;;0.3816501796245575;2601;56;2604;56
dare il nome;nominare;nome;;y;dare;c;;0.2611387372016907;2601;36625;2604;36625
fare il nome;nomare;nome;;;fare;;;0.2589801847934723;492;56;493;56
fare il nome;nominare;nome;;;fare;;;0.39342549443244934;492;36625;493;36625
mettere il nome;nomare;nome;;;mettere;;;0.3934550881385803;38;56;38;56
mettere il nome;nominare;nome;;y;mettere;c;;0.2239590734243393;38;36625;38;36625
prendere a nome;nomare;nome;;;prendere;;;;0;56;6;56
prendere a nome;nominare;nome;;;prendere;;;;0;36625;6;36625
prendere nome;nomare;nome;;;prendere;;;0.38604968786239624;684;56;684;56
prendere nome;nominare;nome;;;prendere;;;0.2768661379814148;684;36625;684;36625
avere il numero;numerare;numero;;;avere;;;0.43004870414733887;154;959;155;959
dare il numero;numerare;numero;;y;dare;c;;0.35136574506759644;158;959;160;959
fare numero;numerare;numero;;;fare;;;0.22433216869831085;73;959;75;959
essere occasione;occasionare;occasione;;y;essere;c;;0.4211275577545166;182;24;185;24
avere il occhio;oculare;occhio;;;avere;;;0.3746985197067261;456;1369;460;1369
avere il occhio;adocchiare;occhio;;;avere;;;0.36595574021339417;456;80;460;80
avere il occhio;inoculare;occhio;;;avere;;;0.14183205366134644;456;250;460;250
avere il occhio;occhieggiare;occhio;;;avere;;;0.4473477900028229;456;55;460;55
dare un occhio;oculare;occhio;;;dare;;;0.1794607788324356;51;1369;51;1369
dare un occhio;adocchiare;occhio;;;dare;;;0.2959485352039337;51;80;51;80
dare un occhio;inoculare;occhio;;;dare;;;0.13592484593391418;51;250;51;250
dare un occhio;occhieggiare;occhio;;;dare;;;0.3000369668006897;51;55;51;55
mettere il occhio;oculare;occhio;;;mettere;;;0.015680750831961632;129;1369;129;1369
mettere il occhio;adocchiare;occhio;;;mettere;;;0.5658547878265381;129;80;129;80
mettere il occhio;inoculare;occhio;;;mettere;;;0.11573764681816101;129;250;129;250
mettere il occhio;occhieggiare;occhio;;;mettere;;;0.2384188175201416;129;55;129;55
avere in odio;odiare;odio;;y;avere;c;;0.6137114763259888;35;4265;35;4265
avere un odio;odiare;odio;;y;avere;c;;;0;4265;9;4265
prendere in odio;odiare;odio;;;prendere;;;;0;4265;15;4265
avere un odore;odorare;odore;;;avere;;;0.654492199420929;67;165;67;165
fare ombra;ombrare;ombra;;;fare;;;0.321414053440094;49;46;51;46
fare ombra;adombrare;ombra;;;fare;;;0.3407503366470337;49;198;51;198
fare ombra;ombreggiare;ombra;;y;fare;s;;0.42949897050857544;49;174;51;174
mettere in ombra;ombrare;ombra;;;mettere;;;0.18562257289886475;160;46;160;46
mettere in ombra;adombrare;ombra;;y;mettere;p;;0.41507652401924133;160;198;160;198
mettere in ombra;ombreggiare;ombra;;;mettere;;;0.076683409512043;160;174;160;174
andare in onda;inondare;onda;;;andare;;;0.1309831589460373;8072;805;8078;805
andare in onda;ondeggiare;onda;;;andare;;;0.0892367959022522;8072;208;8078;208
essere in onda;inondare;onda;;;essere;;;0.17797699570655823;333;805;337;805
essere in onda;ondeggiare;onda;;;essere;;;0.1169990822672844;333;208;337;208
mandare in onda;inondare;onda;;;mandare;;;0.2041746973991394;2152;805;2153;805
mandare in onda;ondeggiare;onda;;;mandare;;;0.1163497045636177;2152;208;2153;208
mettere in onda;inondare;onda;;;mettere;;;0.2534117102622986;402;805;402;805
mettere in onda;ondeggiare;onda;;;mettere;;;0.11671431362628937;402;208;402;208
avere un odore;odorare;odore;;y;avere;c;;0.654492199420929;67;165;67;165
avere il onore;onorare;onore;;;avere;;;0.44360655546188354;544;2758;549;2758
dare onore;onorare;onore;;y;dare;c;;0.38423100113868713;33;2758;33;2758
fare il onore;onorare;onore;;;fare;;;0.3577446937561035;49;2758;49;2758
fare onore;onorare;onore;;y;fare;c;;0.35592448711395264;159;2758;162;2758
essere in opera;operare;opera;;;essere;;;0.2907285690307617;41;19115;43;19115
essere in opera;adoperare;opera;;;essere;;;0.31153780221939087;41;3599;43;3599
essere opera;operare;opera;;;essere;;;0.2605879008769989;2493;19115;2510;19115
essere opera;adoperare;opera;;;essere;;;0.20200416445732117;2493;3599;2510;3599
mettere in opera;operare;opera;;;mettere;;;0.4081858992576599;312;19115;312;19115
mettere in opera;adoperare;opera;;;mettere;;;0.43052077293395996;312;3599;312;3599
essere in ordine;ordinare;ordine;;;essere;;;0.19446827471256256;424;18462;637;18462
dare un ordine;ordinare;ordine;;y;dare;c;;0.33172807097435;45;18462;45;18462
fare ordine;ordinare;ordine;;y;fare;c;;0.2708559036254883;43;18462;43;18462
mettere in ordine;ordinare;ordine;;y;mettere;c;;0.2798624336719513;88;18462;88;18462
mettere ordine;ordinare;ordine;;y;mettere;c;;0.2526136040687561;169;18462;176;18462
andare ospite;ospitare;ospite;;;andare;;;0.20806658267974854;33;29637;33;29637
avere ospite;ospitare;ospite;;y;avere;c;;0.2897105813026428;75;29637;75;29637
essere ospite;ospitare;ospite;;;essere;;;0.4404458999633789;1548;29637;1559;29637
avere pace;pacificare;pace;;;avere;;;0.4933234453201294;61;431;62;431
dare pace;pacificare;pace;;;dare;;;0.3985874354839325;108;431;109;431
essere in pace;pacificare;pace;;;essere;;;0.5368863940238953;91;431;91;431
fare pace;pacificare;pace;;;fare;;;0.5078485608100891;361;431;361;431
mettere pace;pacificare;pace;;y;mettere;s;;0.5177518725395203;47;431;47;431
essere padrone;impadronire;padrone;;;essere;;;;267;0;277;0
fare da padrone;impadronire;padrone;;;fare;;;;372;0;372;0
andare in palla;pallare;palla;;;andare;;;;0;50;5;50
andare in palla;impallare;palla;;y;andare;p;;;0;27;5;27
andare in palla;palleggiare;palla;;;andare;;;;0;70;5;70
essere parente;apparentare;parente;;;essere;;;0.3629254400730133;227;150;234;150
essere parente;imparentare;parente;;;essere;;;0.6567378044128418;227;2097;234;2097
avere da parte;impartire;parte;;;avere;;;0.31102731823921204;44;1778;47;1778
avere da parte;spartire;parte;;;avere;;;0.42166730761528015;44;1272;47;1272
avere da parte;spartire;parte;;;avere;;;0.42166730761528015;44;1272;47;1272
avere da parte;partire;parte;;;avere;;;0.1766989380121231;44;87597;47;87597
avere da parte;appartare;parte;;;avere;;;0.25338882207870483;44;385;47;385
avere da parte;parteggiare;parte;;;avere;;;0.4367091953754425;44;434;47;434
avere parte;impartire;parte;;;avere;;;0.20591865479946136;308;1778;308;1778
avere parte;spartire;parte;;;avere;;;0.20297464728355408;308;1272;308;1272
avere parte;spartire;parte;;;avere;;;0.20297464728355408;308;1272;308;1272
avere parte;partire;parte;;;avere;;;0.11583978682756424;308;87597;308;87597
avere parte;appartare;parte;;;avere;;;0.08307303488254547;308;385;308;385
avere parte;parteggiare;parte;;;avere;;;0.28899139165878296;308;434;308;434
essere parte;impartire;parte;;;essere;;;0.10679680109024048;4649;1778;4669;1778
essere parte;spartire;parte;;;essere;;;0.2035965919494629;4649;1272;4669;1272
essere parte;spartire;parte;;;essere;;;0.2035965919494629;4649;1272;4669;1272
essere parte;partire;parte;;;essere;;;0.2301619052886963;4649;87597;4669;87597
essere parte;appartare;parte;;;essere;;;0.04967986047267914;4649;385;4669;385
essere parte;parteggiare;parte;;;essere;;;0.16540059447288513;4649;434;4669;434
fare parte;impartire;parte;;;fare;;;0.12798625230789185;42281;1778;42297;1778
fare parte;spartire;parte;;;fare;;;0.2375771701335907;42281;1272;42297;1272
fare parte;spartire;parte;;;fare;;;0.2375771701335907;42281;1272;42297;1272
fare parte;partire;parte;;;fare;;;0.3112165927886963;42281;87597;42297;87597
fare parte;appartare;parte;;;fare;;;-0.017731573432683945;42281;385;42297;385
fare parte;parteggiare;parte;;;fare;;;0.19721627235412598;42281;434;42297;434
prendere parte;impartire;parte;;;prendere;;;0.2528296411037445;12875;1778;12878;1778
prendere parte;spartire;parte;;;prendere;;;0.15113601088523865;12875;1272;12878;1272
prendere parte;spartire;parte;;;prendere;;;0.15113601088523865;12875;1272;12878;1272
prendere parte;partire;parte;;;prendere;;;0.2598613202571869;12875;87597;12878;87597
prendere parte;appartare;parte;;;prendere;;;0.06177305802702904;12875;385;12878;385
prendere parte;parteggiare;parte;;y;prendere;s;;0.3135022819042206;12875;434;12878;434
fare il passo;passare;passo;;;fare;;;0.29759591817855835;80;105895;82;105895
fare il passo;passeggiare;passo;;;fare;;;0.3116703927516937;80;1292;82;1292
avere paura;impaurire;paura;;;avere;;;0.583683967590332;3158;743;3172;743
avere paura;spaurire;paura;;;avere;;;;3158;0;3172;17
avere paura;spaurire;paura;;;avere;;;;3158;0;3172;17
fare il patto;patteggiare;patto;;y;fare;s;;;0;301;6;301
fare un patto;patteggiare;patto;;y;fare;s;;0.42448943853378296;153;301;154;301
avere una paura;impaurire;paura;;;avere;;;0.4906380772590637;37;743;37;743
avere una paura;spaurire;paura;;;avere;;;;37;0;37;17
avere una paura;spaurire;paura;;;avere;;;;37;0;37;17
fare paura;impaurire;paura;;y;fare;p;;0.3838247060775757;553;743;560;743
fare paura;spaurire;paura;;y;fare;p;;;553;0;560;17
fare paura;spaurire;paura;;;fare;;;;553;0;560;17
mettere paura;impaurire;paura;;y;mettere;p;;0.5316659212112427;59;743;60;743
mettere paura;spaurire;paura;;y;mettere;p;;;59;0;60;17
mettere paura;spaurire;paura;;;mettere;;;;59;0;60;17
fare il pelo;spelare;pelo;;;fare;;;;0;0;5;16
fare il pelo;pelare;pelo;;;fare;;;;0;212;5;212
fare il pelo;spelare;pelo;;;fare;;;;0;0;5;16
fare il pelo;spelare;pelo;;;fare;;;;0;0;5;16
avere la pena;penare;pena;;;avere;;;;0;165;0;165
dare la pena;penare;pena;;;dare;;;;0;165;0;165
essere in pena;penare;pena;;y;essere;c;;;0;165;11;165
essere in pensiero;impensierire;pensiero;;;essere;;;;0;270;18;270
fare un pensiero;impensierire;pensiero;;;fare;;;;0;270;10;270
andare in pensione;pensionare;pensione;;;andare;;;0.6001642942428589;548;171;549;171
essere in pensione;pensionare;pensione;;;essere;;;0.44998469948768616;57;171;59;171
mandare in pensione;pensionare;pensione;;y;mandare;c;;0.5922890305519104;81;171;82;171
mettere in pensione;pensionare;pensione;;y;mettere;c;;;0;171;14;171
mettere in pericolo;pericolare;pericolo;;;mettere;;;0.2639475464820862;714;36;715;36
mettere in pericolo;spericolare;pericolo;;;mettere;;;;714;0;715;0
avere il peso;pesare;peso;;y;avere;c;;0.5046064257621765;37;5238;39;5238
avere il peso;spesare;peso;;;avere;;;0.3870008587837219;37;38;39;38
avere peso;pesare;peso;;;avere;;;0.4899435043334961;142;5238;142;5238
avere peso;spesare;peso;;;avere;;;0.28237634897232056;142;38;142;38
dare il peso;pesare;peso;;y;dare;c;;0.5687801241874695;42;5238;43;5238
dare un peso;pesare;peso;;y;dare;c;;0.37074583768844604;21;5238;21;5238
andare a pezzo;appezzare;pezzo;;;andare;;;;0;0;13;12
andare a pezzo;spezzare;pezzo;;;andare;;;;0;4494;13;4494
andare in pezzo;appezzare;pezzo;;;andare;;;;70;0;70;12
andare in pezzo;spezzare;pezzo;;;andare;;;0.528641939163208;70;4494;70;4494
essere a pezzo;appezzare;pezzo;;;essere;;;;38;0;38;12
essere a pezzo;spezzare;pezzo;;;essere;;;0.31871798634529114;38;4494;38;4494
essere in pezzo;appezzare;pezzo;;;essere;;;;0;0;0;12
essere in pezzo;spezzare;pezzo;;;essere;;;;0;4494;0;4494
fare a pezzo;appezzare;pezzo;;;fare;;;;509;0;510;12
fare a pezzo;spezzare;pezzo;;y;fare;p;;0.4829463064670563;509;4494;510;4494
mandare in pezzo;appezzare;pezzo;;;mandare;;;;22;0;22;12
mandare in pezzo;spezzare;pezzo;;y;mandare;p;;0.5227578282356262;22;4494;22;4494
fare il piano;pianificare;piano;;y;fare;s;;;0;3159;15;3159
fare piazza;piazzare;piazza;;;fare;;;0.23669055104255676;118;5020;121;5020
fare piazza;spiazzare;piazza;;;fare;;;0.26506268978118896;118;723;121;723
fare piazza;spiazzare;piazza;;;fare;;;0.26506268978118896;118;723;121;723
andare a piede;appiedare;piede;;;andare;;;0.24357783794403076;105;252;106;252
essere a piede;appiedare;piede;;;essere;;;0.41508948802948;53;252;54;252
mettere in piede;appiedare;piede;;;mettere;;;0.16402074694633484;735;252;735;252
mettere piede;appiedare;piede;;;mettere;;;0.1837269812822342;435;252;435;252
prendere piede;appiedare;piede;;;prendere;;;0.007097285240888596;806;252;808;252
essere poeta;poetare;poeta;;;essere;;;0.5648798942565918;103;70;104;70
fare il poeta;poetare;poeta;;y;fare;c;;;0;70;9;70
prendere polvere;impolverare;polvere;;y;prendere;p;;0.5342552661895752;22;82;22;82
prendere polvere;spolverare;polvere;;;prendere;;;0.5690739750862122;22;189;22;189
prendere polvere;spolverare;polvere;;;prendere;;;0.5690739750862122;22;189;22;189
prendere polvere;polverizzare;polvere;;;prendere;;;0.3991776704788208;22;385;22;385
avere la posizione;posizionare;posizione;;;avere;;;;0;8424;0;8424
mettere in posizione;posizionare;posizione;;y;mettere;c;;0.49514052271842957;74;8424;74;8424
prendere posizione;posizionare;posizione;;;prendere;;;0.2562176287174225;796;8424;806;8424
avere posto;postare;posto;;;avere;;;0.2076830416917801;230;2931;233;2931
avere posto;impostare;posto;;;avere;;;0.2763136625289917;230;4191;233;4191
avere posto;posteggiare;posto;;;avere;;;0.17808173596858978;230;99;233;99
dare posto;postare;posto;;;dare;;;0.07230894267559052;24;2931;25;2931
dare posto;impostare;posto;;;dare;;;0.33452171087265015;24;4191;25;4191
dare posto;posteggiare;posto;;;dare;;;0.4187154471874237;24;99;25;99
fare posto;postare;posto;;;fare;;;0.09215128421783447;894;2931;894;2931
fare posto;impostare;posto;;;fare;;;0.24614331126213074;894;4191;894;4191
fare posto;posteggiare;posto;;;fare;;;0.32464438676834106;894;99;894;99
mettere a posto;postare;posto;;;mettere;;;0.19774916768074036;168;2931;168;2931
mettere a posto;impostare;posto;;;mettere;;;0.25883549451828003;168;4191;168;4191
mettere a posto;posteggiare;posto;;;mettere;;;0.41934090852737427;168;99;168;99
prendere il posto;postare;posto;;;prendere;;;0.10676445066928864;2256;2931;2256;2931
prendere il posto;impostare;posto;;;prendere;;;0.20268285274505615;2256;4191;2256;4191
prendere il posto;posteggiare;posto;;;prendere;;;0.17382073402404785;2256;99;2256;99
prendere posto;postare;posto;;;prendere;;;0.19206459820270538;345;2931;345;2931
prendere posto;impostare;posto;;;prendere;;;0.3149707317352295;345;4191;345;4191
prendere posto;posteggiare;posto;;;prendere;;;0.4159753918647766;345;99;345;99
andare a pranzo;pranzare;pranzo;;y;andare;c;;0.6545596718788147;51;347;52;347
essere a pranzo;pranzare;pranzo;;y;essere;c;;0.6465820670127869;20;347;20;347
fare pratica;praticare;pratica;;y;fare;c;;0.4178733825683594;157;8552;158;8552
fare pratica;impratichire;pratica;;;fare;;;0.6224081516265869;157;51;158;51
fare una pratica;praticare;pratica;;;fare;;;;0;8552;5;8552
fare una pratica;impratichire;pratica;;;fare;;;;0;51;5;51
mettere in pratica;praticare;pratica;;y;mettere;c;;0.42858871817588806;878;8552;878;8552
mettere in pratica;impratichire;pratica;;;mettere;;;0.46054625511169434;878;51;878;51
andare in premio;premiare;premio;;;andare;;;;0;6571;9;6571
avere in premio;premiare;premio;;;avere;;;0.3332854211330414;23;6571;23;6571
dare in premio;premiare;premio;;;dare;;;;0;6571;16;6571
dare un premio;premiare;premio;;y;dare;c;;0.46996018290519714;29;6571;29;6571
fare una presenza;presenziare;presenza;;;fare;;;;0;1126;9;1126
essere prete;pretare;prete;;;essere;;;;64;0;65;14
essere prete;spretare;prete;;;essere;;;;64;0;65;0
fare il prete;pretare;prete;;;fare;;;;0;0;17;14
fare il prete;spretare;prete;;;fare;;;;0;0;17;0
fare il prezzo;prezzare;prezzo;;;fare;;;;0;0;16;7
fare il prezzo;sprezzare;prezzo;;;fare;;;;0;51;16;51
mettere un prezzo;prezzare;prezzo;;y;mettere;c;;;0;0;5;7
mettere un prezzo;sprezzare;prezzo;;;mettere;;;;0;51;5;51
andare in prigione;imprigionare;prigione;;;andare;;;0.4893532693386078;69;4783;70;4783
andare in prigione;sprigionare;prigione;;;andare;;;0.22039228677749634;69;759;70;759
essere in prigione;imprigionare;prigione;;;essere;;;0.5038801431655884;149;4783;150;4783
essere in prigione;sprigionare;prigione;;;essere;;;0.10012702643871307;149;759;150;759
mandare in prigione;imprigionare;prigione;;y;mandare;p;;0.59040367603302;32;4783;32;4783
mandare in prigione;sprigionare;prigione;;;mandare;;;0.17229686677455902;32;759;32;759
mettere in prigione;imprigionare;prigione;;y;mettere;p;;0.6682131886482239;115;4783;115;4783
mettere in prigione;sprigionare;prigione;;;mettere;;;0.14841601252555847;115;759;115;759
fare il principe;principare;principe;;;fare;;;;0;0;12;5
andare a processo;processare;processo;;;andare;;;;0;2401;9;2401
essere sotto processo;processare;processo;;;essere;;;0.5456265211105347;46;2401;46;2401
fare il processo;processare;processo;;y;fare;c;;0.39921319484710693;51;2401;54;2401
fare un processo;processare;processo;;;fare;;;0.36943936347961426;33;2401;35;2401
mettere sotto processo;processare;processo;;y;mettere;c;;0.5899393558502197;53;2401;53;2401
avere il profumo;profumare;profumo;;y;avere;c;;;0;468;6;468
avere in progetto;progettare;progetto;;y;avere;c;;0.43352752923965454;106;18760;107;18760
essere in progetto;progettare;progetto;;;essere;;;0.37987565994262695;272;18760;273;18760
fare il progetto;progettare;progetto;;y;fare;c;;0.4164668023586273;28;18760;30;18760
avere in programma;programmare;programma;;y;avere;c;;0.5133357644081116;301;3119;301;3119
essere in programma;programmare;programma;;;essere;;;0.5521807670593262;517;3119;517;3119
fare il programma;programmare;programma;;y;fare;c;;0.4196862578392029;45;3119;47;3119
mettere in programma;programmare;programma;;;mettere;;;0.5345184803009033;24;3119;24;3119
avere il proposito;spropositare;proposito;;;avere;;;;0;215;12;215
avere in pugno;impugnare;pugno;;;avere;;;0.4218178987503052;45;1650;45;1650
fare a pugno;impugnare;pugno;;;fare;;;0.3059820234775543;71;1650;72;1650
prendere a pugno;impugnare;pugno;;;prendere;;;0.33841073513031006;129;1650;130;1650
prendere in pugno;impugnare;pugno;;;prendere;;;;0;1650;8;1650
fare il punto;puntare;punto;;;fare;;;0.31968462467193604;382;13509;383;13509
fare il punto;appuntare;punto;;;fare;;;0.247528538107872;382;389;383;389
fare il punto;punteggiare;punto;;;fare;;;0.09926462173461914;382;546;383;546
fare punto;puntare;punto;;;fare;;;0.34749835729599;45;13509;51;13509
fare punto;appuntare;punto;;;fare;;;0.1825849413871765;45;389;51;389
fare punto;punteggiare;punto;;;fare;;;0.11555168777704239;45;546;51;546
mettere a punto;puntare;punto;;;mettere;;;0.26425057649612427;1945;13509;1945;13509
mettere a punto;appuntare;punto;;;mettere;;;0.1655842363834381;1945;389;1945;389
mettere a punto;punteggiare;punto;;;mettere;;;0.022971395403146744;1945;546;1945;546
essere in questione;questionare;questione;;;essere;;;0.6659634113311768;26;27;27;27
mettere in questione;questionare;questione;;y;mettere;c;;0.6598501205444336;76;27;76;27
prendere in questione;questionare;questione;;;prendere;;;;0;27;6;27
andare in radio;radiare;radio;;;andare;;;;0;1233;8;1233
andare in radio;radiare;radio;;;andare;;;;0;1233;8;1233
andare in radio;irradiare;radio;;;andare;;;;0;821;8;821
andare in radio;irradiare;radio;;;andare;;;;0;821;8;821
mandare in radio;radiare;radio;;;mandare;;;;0;1233;0;1233
mandare in radio;radiare;radio;;;mandare;;;;0;1233;0;1233
mandare in radio;irradiare;radio;;;mandare;;;;0;821;0;821
mandare in radio;irradiare;radio;;;mandare;;;;0;821;0;821
avere ragione;ragionare;ragione;;;avere;;;0.44440263509750366;3347;2364;3351;2364
avere ragione;sragionare;ragione;;;avere;;;0.34990590810775757;3347;27;3351;27
dare ragione;ragionare;ragione;;;dare;;;0.34899845719337463;849;2364;854;2364
dare ragione;sragionare;ragione;;;dare;;;0.25999152660369873;849;27;854;27
dare una regola;sregolare;regola;;;dare;;;;20;0;21;0
dare una regola;regolare;regola;;y;dare;c;;0.37009793519973755;20;17093;21;17093
mettere in regola;sregolare;regola;;;mettere;;;;32;0;32;0
mettere in regola;regolare;regola;;y;mettere;c;;0.30474627017974854;32;17093;32;17093
essere in relazione;relazionare;relazione;;;essere;;;0.43921563029289246;362;1938;362;1938
fare una relazione;relazionare;relazione;;y;fare;c;;0.38410693407058716;23;1938;23;1938
mettere in relazione;relazionare;relazione;;y;mettere;c;;0.5157067775726318;904;1938;904;1938
avere il rischio;rischiare;rischio;;y;avere;c;;;0;11122;7;11122
avere il rischio;arrischiare;rischio;;;avere;;;;0;77;7;77
essere a rischio;rischiare;rischio;;;essere;;;0.491474449634552;418;11122;423;11122
essere a rischio;arrischiare;rischio;;;essere;;;0.341178834438324;418;77;423;77
mettere a rischio;rischiare;rischio;;y;mettere;c;;0.6021704077720642;623;11122;624;11122
mettere a rischio;arrischiare;rischio;;;mettere;;;0.3375071883201599;623;77;624;77
avere rispetto;rispettare;rispetto;;y;avere;c;;0.44047990441322327;249;11156;277;11156
fare rispetto;rispettare;rispetto;;;fare;;;0.3593423366546631;31;11156;33;11156
fare una rivoluzione;rivoluzionare;rivoluzione;;y;fare;c;;0.24331779778003693;36;1373;36;1373
fare il rumore;rumoreggiare;rumore;;y;fare;s;;;0;132;5;132
fare rumore;rumoreggiare;rumore;;y;fare;s;;0.4307597577571869;170;132;174;132
andare di scena;inscenare;scena;;;andare;;;;0;722;11;722
andare di scena;sceneggiare;scena;;;andare;;;;0;897;11;897
andare in scena;inscenare;scena;;;andare;;;0.4581432044506073;872;722;872;722
andare in scena;sceneggiare;scena;;;andare;;;0.3262042999267578;872;897;872;897
essere in scena;inscenare;scena;;;essere;;;0.4121619462966919;89;722;89;722
essere in scena;sceneggiare;scena;;;essere;;;0.3720388114452362;89;897;89;897
fare scena;inscenare;scena;;;fare;;;0.4192906618118286;43;722;43;722
fare scena;sceneggiare;scena;;;fare;;;0.3066965341567993;43;897;43;897
fare una scena;inscenare;scena;;;fare;;;;0;722;7;722
fare una scena;sceneggiare;scena;;;fare;;;;0;897;7;897
mandare in scena;inscenare;scena;;y;mandare;p;;;0;722;13;722
mandare in scena;sceneggiare;scena;;y;mandare;s;;;0;897;13;897
mettere in scena;inscenare;scena;;y;mettere;p;;0.6030254364013672;2228;722;2230;722
mettere in scena;sceneggiare;scena;;y;mettere;s;;0.4863418638706207;2228;897;2230;897
dare la schiena;schienare;schiena;;;dare;;;;0;59;0;59
essere un schifo;schifare;schifo;;;essere;;;;0;264;0;264
fare schifo;schifare;schifo;;;fare;;;0.5756016969680786;735;264;738;264
andare a segno;segnare;segno;;y;andare;c;;0.4319436550140381;458;28833;458;28833
andare a segno;assegnare;segno;;;andare;;;0.1146075427532196;458;22685;458;22685
andare a segno;insegnare;segno;;;andare;;;0.07802313566207886;458;15760;458;15760
andare a segno;significare;segno;;;andare;;;0.06118880584836006;458;28300;458;28300
essere segno;segnare;segno;;;essere;;;0.23817318677902222;404;28833;410;28833
essere segno;assegnare;segno;;;essere;;;0.0013541541993618011;404;22685;410;22685
essere segno;insegnare;segno;;;essere;;;0.09213566780090332;404;15760;410;15760
essere segno;significare;segno;;y;essere;s;;0.34117722511291504;404;28300;410;28300
fare un segno;segnare;segno;;y;fare;c;;;0;28833;17;28833
fare un segno;assegnare;segno;;;fare;;;;0;22685;17;22685
fare un segno;insegnare;segno;;;fare;;;;0;15760;17;15760
fare un segno;significare;segno;;;fare;;;;0;28300;17;28300
mandare a segno;segnare;segno;;y;mandare;c;;;0;28833;11;28833
mandare a segno;assegnare;segno;;;mandare;;;;0;22685;11;22685
mandare a segno;insegnare;segno;;;mandare;;;;0;15760;11;15760
mandare a segno;significare;segno;;;mandare;;;;0;28300;11;28300
mettere a segno;segnare;segno;;y;mettere;c;;0.6386268138885498;1711;28833;1711;28833
mettere a segno;assegnare;segno;;;mettere;;;0.1902768909931183;1711;22685;1711;22685
mettere a segno;insegnare;segno;;;mettere;;;0.0993204116821289;1711;15760;1711;15760
mettere a segno;significare;segno;;;mettere;;;0.09268537908792496;1711;28300;1711;28300
mettere un segno;segnare;segno;;;mettere;;;;0;28833;7;28833
mettere un segno;assegnare;segno;;;mettere;;;;0;22685;7;22685
mettere un segno;insegnare;segno;;;mettere;;;;0;15760;7;15760
mettere un segno;significare;segno;;;mettere;;;;0;28300;7;28300
fare da servo;servire;servo;;;fare;;;;0;40136;5;40136
fare da servo;asservire;servo;;;fare;;;;0;580;5;580
fare il servo;servire;servo;;;fare;;;;0;40136;5;40136
fare il servo;asservire;servo;;;fare;;;;0;580;5;580
essere signore;signoreggiare;signore;;y;essere;s;;0.6939350366592407;245;29;266;29
fare il signore;signoreggiare;signore;;;fare;;;0.48196256160736084;44;29;46;29
fare silenzio;silenziare;silenzio;;;fare;;;0.26510941982269287;51;120;53;120
mettere sotto silenzio;silenziare;silenzio;;y;mettere;c;;;0;120;5;120
avere in simpatia;simpatizzare;simpatia;;y;avere;s;;;0;413;18;413
avere la simpatia;simpatizzare;simpatia;;y;avere;s;;;0;413;0;413
avere simpatia;simpatizzare;simpatia;;y;avere;s;;0.7251449823379517;71;413;72;413
prendere in simpatia;simpatizzare;simpatia;;;prendere;;;0.4263259172439575;64;413;65;413
essere sindaco;sindacare;sindaco;;;essere;;;0.2804095447063446;436;168;439;168
fare il sindaco;sindacare;sindaco;;;fare;;;0.5148531198501587;36;168;37;168
fare sistema;sistemare;sistema;;;fare;;;0.2555772662162781;42;5532;43;5532
mettere a sistema;sistemare;sistema;;;mettere;;;;0;5532;15;5532
fare il soldo;assoldare;soldo;;;fare;;;0.303916871547699;82;926;83;926
prendere il sole;soleggiare;sole;;;prendere;;;0.43634724617004395;139;249;139;249
fare il sogno;sognare;sogno;;y;fare;c;;;0;5368;9;5368
fare un sogno;sognare;sogno;;y;fare;c;;0.5349048376083374;101;5368;103;5368
avere il sogno;sognare;sogno;;y;avere;c;;;0;5368;15;5368
avere un sogno;sognare;sogno;;y;avere;c;;0.6583412885665894;178;5368;179;5368
avere un sonno;assonnare;sonno;;;avere;;;;0;45;12;45
prendere sonno;assonnare;sonno;;;prendere;;;0.5543756484985352;72;45;72;45
avere in sorte;sortire;sorte;;;avere;;;0.29095494747161865;31;818;31;818
avere in sorte;assortire;sorte;;;avere;;;0.21777594089508057;31;153;31;153
avere in sorte;assortire;sorte;;;avere;;;0.21777594089508057;31;153;31;153
avere in sorte;sorteggiare;sorte;;;avere;;;0.31003403663635254;31;296;31;296
dare sostanza;sostanziare;sostanza;;y;dare;c;;0.5272303819656372;40;221;40;221
dare la spalla;spalleggiare;spalla;;y;dare;s;;;0;373;0;373
fare da spalla;spalleggiare;spalla;;y;fare;s;;0.29188722372055054;136;373;145;373
fare la spalla;spalleggiare;spalla;;y;fare;s;;;0;373;0;373
avere spazio;spaziare;spazio;;;avere;;;0.31241685152053833;173;3042;173;3042
dare spazio;spaziare;spazio;;;dare;;;0.3017271161079407;839;3042;840;3042
fare spazio;spaziare;spazio;;;fare;;;0.13247299194335938;554;3042;556;3042
fare da specchio;specchiare;specchio;;;fare;;;;0;0;14;0
fare spesa;spesare;spesa;;;fare;;;0.45988911390304565;34;38;36;38
fare una spesa;spesare;spesa;;;fare;;;;0;38;7;38
andare sposa;sposare;sposa;;y;andare;c;;0.6316767930984497;28;35672;28;35672
dare una stella;stellare;stella;;;dare;;;;0;4914;5;4914
dare una stella;stellare;stella;;;dare;;;;0;4914;5;4914
mettere in tasca;intascare;tasca;;y;mettere;p;;0.5189725160598755;70;365;70;365
mettere una tassa;tassare;tassa;;y;mettere;c;;;0;562;7;562
essere a tavola;tavolare;tavola;;;essere;;;0.1338931918144226;25;25;25;25
essere a tavola;intavolare;tavola;;;essere;;;0.3991805911064148;25;256;25;256
avere tempo;temporeggiare;tempo;;;avere;;;0.3503226637840271;823;130;825;130
dare tempo;temporeggiare;tempo;;;dare;;;0.4455559551715851;140;130;141;130
essere in tempo;temporeggiare;tempo;;;essere;;;0.15309959650039673;244;130;278;130
prendere tempo;temporeggiare;tempo;;y;prendere;s;;0.6664978265762329;255;130;255;130
andare a termine;terminare;termine;;;andare;;;;0;28299;11;28299
andare a termine;sterminare;termine;;;andare;;;;0;1689;11;1689
andare a termine;sterminare;termine;;;andare;;;;0;1689;11;1689
avere termine;terminare;termine;;y;avere;c;;0.6695994734764099;739;28299;739;28299
avere termine;sterminare;termine;;;avere;;;0.21008077263832092;739;1689;739;1689
avere termine;sterminare;termine;;;avere;;;0.21008077263832092;739;1689;739;1689
mettere un termine;terminare;termine;;y;mettere;c;;;0;28299;5;28299
mettere un termine;sterminare;termine;;;mettere;;;;0;1689;5;1689
mettere un termine;sterminare;termine;;;mettere;;;;0;1689;5;1689
andare in testa;intestare;testa;;;andare;;;0.0804862231016159;78;646;78;646
avere in testa;intestare;testa;;;avere;;;0.234913170337677;143;646;143;646
essere in testa;intestare;testa;;;essere;;;0.18367333710193634;424;646;427;646
mettere in testa;intestare;testa;;;mettere;;;0.19335949420928955;195;646;195;646
avere titolo;titolare;titolo;;y;avere;c;;0.21005956828594208;201;12803;201;12803
avere titolo;intitolare;titolo;;;avere;;;0.1931004822254181;201;22210;201;22210
dare il titolo;titolare;titolo;;y;dare;c;;0.13589629530906677;620;12803;620;12803
dare il titolo;intitolare;titolo;;y;dare;p;;0.5921675562858582;620;22210;620;22210
mettere il titolo;titolare;titolo;;y;mettere;c;;;0;12803;5;12803
mettere il titolo;intitolare;titolo;;y;mettere;p;;;0;22210;5;22210
prendere il titolo;titolare;titolo;;;prendere;;;0.20783832669258118;290;12803;290;12803
prendere il titolo;intitolare;titolo;;y;prendere;p;;0.49198228120803833;290;22210;290;22210
avere il tono;intonare;tono;;;avere;;;;0;1202;19;1202
avere il tono;stonare;tono;;;avere;;;;0;440;19;440
avere il tono;tonificare;tono;;;avere;;;;0;76;19;76
dare il tono;intonare;tono;;;dare;;;;0;1202;13;1202
dare il tono;stonare;tono;;;dare;;;;0;440;13;440
dare il tono;tonificare;tono;;;dare;;;;0;76;13;76
fare da torre;torreggiare;torre;;;fare;;;;0;56;6;56
dare in uso;usare;uso;;;dare;;;0.22279438376426697;32;116684;32;116684
dare in uso;adusare;uso;;;dare;;;;32;0;32;5
essere in uso;usare;uso;;;essere;;;0.5597482323646545;707;116684;712;116684
essere in uso;adusare;uso;;;essere;;;;707;0;712;5
fare un uso;usare;uso;;;fare;;;0.42242610454559326;315;116684;322;116684
fare un uso;adusare;uso;;;fare;;;;315;0;322;5
fare uso;usare;uso;;y;fare;c;;0.611868679523468;2914;116684;2916;116684
fare uso;adusare;uso;;;fare;;;;2914;0;2916;5
mettere in uso;usare;uso;;y;mettere;c;;;0;116684;8;116684
mettere in uso;adusare;uso;;;mettere;;;;0;0;8;5
venire in uso;usare;uso;;;venire;;;;0;116684;14;116684
venire in uso;adusare;uso;;;venire;;;;0;0;14;5
mettere in valigia;svaligiare;valigia;;;mettere;;;0.4516085088253021;28;107;28;107
dare valore;avvalorare;valore;;y;dare;p;;0.2553999423980713;129;815;129;815
dare valore;valorizzare;valore;;y;dare;s;;0.35367894172668457;129;2846;129;2846
mettere a valore;avvalorare;valore;;;mettere;;;;0;815;8;815
mettere a valore;valorizzare;valore;;;mettere;;;;0;2846;8;2846
mettere in valore;avvalorare;valore;;;mettere;;;;0;815;9;815
mettere in valore;valorizzare;valore;;;mettere;;;;0;2846;9;2846
essere una vergogna;vergognarsi;vergogna;;;essere;;;0.5394133925437927;237;1470;237;1470
essere una vergogna;svergognare;vergogna;;;essere;;;0.4972209930419922;237;47;237;47
essere una vergogna;vergognare;vergogna;;;essere;;;;237;0;237;5
dare il via;avviare;via;;y;dare;p;;0.567168116569519;2113;13715;2117;13715
dare il via;inviare;via;;;dare;;;0.3099188208580017;2113;30792;2117;30792
prendere il via;avviare;via;;;prendere;;;0.45517921447753906;1347;13715;1350;13715
prendere il via;inviare;via;;;prendere;;;0.20839205384254456;1347;30792;1350;30792
prendere la via;avviare;via;;;prendere;;;;0;13715;0;13715
prendere la via;inviare;via;;;prendere;;;;0;30792;0;30792
essere in viaggio;viaggiare;viaggio;;;essere;;;0.5742902755737305;337;10102;342;10102
mettere in viaggio;viaggiare;viaggio;;;mettere;;;0.48181819915771484;211;10102;211;10102
fare il viaggio;viaggiare;viaggio;;y;fare;c;;0.5275223255157471;58;10102;61;10102
fare un viaggio;viaggiare;viaggio;;y;fare;c;;0.6900957226753235;278;10102;278;10102
avere in vista;avvistare;vista;;;avere;;;;0;1667;10;1667
essere in vista;avvistare;vista;;;essere;;;0.3603425621986389;53;1667;56;1667
mettere in vista;avvistare;vista;;;mettere;;;;0;1667;15;1667
essere vittima;vittimizzare;vittima;;;essere;;;;2079;0;2099;0
fare la vittima;vittimizzare;vittima;;;fare;;;;0;0;0;0
avere voce;vociare;voce;;;avere;;;0.305372416973114;199;123;200;123
dare voce;vociare;voce;;;dare;;;0.28173989057540894;695;123;701;123
avere voglia;invogliare;voglia;;;avere;;;0.43649348616600037;1590;399;1594;399
dare il voto;votare;voto;;y;dare;c;;0.46032971143722534;41;25675;41;25675
