Var1;Var2;nome;added;sinonimia;Column1;Column2;
fare acqua;sciacquare;acqua;;;fare;;
mettere in acqua;sciacquare;acqua;;;mettere;;
dare amore;amoreggiare;amore;;;dare;;
dare amore;innamorare;amore;;;dare;;
essere in amore;amoreggiare;amore;;;essere;;
essere in amore;innamorare;amore;;;essere;;
fare da anello;inanellare;anello;;;fare;;
dare anima;animare;anima;;;dare;;
avere il argomento;argomentare;argomento;;;avere;;
dare aria;arieggiare;aria;;;dare;;
prendere aria;arieggiare;aria;;;prendere;;
mettere in arma;armare;arma;;y;mettere;c;
mettere in arma;armeggiare;arma;;;mettere;;
avere attenzione;attenzionare;attenzione;;;avere;;
dare attenzione;attenzionare;attenzione;;;dare;;
fare attenzione;attenzionare;attenzione;;;fare;;
avere in atto;atteggiare;atto;;;avere;;
dare atto;atteggiare;atto;;;dare;;
mettere in atto;atteggiare;atto;;;mettere;;
prendere atto;atteggiare;atto;;;prendere;;
andare in azione;azionare;azione;;;andare;;
mandare in azione;azionare;azione;;y;mandare;c;
mettere in azione;azionare;azione;;y;mettere;c;
dare il bacio;baciare;bacio;;y;dare;c;
dare un bacio;baciare;bacio;;y;dare;c;
andare in bagno;bagnare;bagno;;;andare;;
mettere a bagno;bagnare;bagno;;;mettere;;
fare la barba;barbare;barba;;;fare;;
fare la barba;sbarbare;barba;;y;fare;p;
avere una base;basare;base;;y;avere;c;
andare in battaglia;battagliare;battaglia;;y;andare;c;
dare battaglia;battagliare;battaglia;;y;dare;c;
fare la battaglia;battagliare;battaglia;;y;fare;c;
mandare in battaglia;battagliare;battaglia;;;mandare;;
avere bisogno;bisognare;bisogno;;y;avere;c;
avere bisogno;abbisognare;bisogno;;y;avere;p;
mettere bocca;boccare;bocca;;;mettere;;
mettere bocca;abboccare;bocca;;;mettere;;
mettere bocca;imboccare;bocca;;;mettere;;
mettere bocca;sboccare;bocca;;;mettere;;
mettere bocca;boccheggiare;bocca;;;mettere;;
mettere in bocca;boccare;bocca;1;0;;mettere;
mettere in bocca;abboccare;bocca;1;0;;mettere;
mettere in bocca;imboccare;bocca;1;0;y;mettere;p
mettere in bocca;sboccare;bocca;1;0;;mettere;
mettere in bocca;boccheggiare;bocca;1;0;;mettere;
avere a bordo;bordare;bordo;;;avere;;
avere a bordo;abbordare;bordo;;;avere;;
avere a bordo;bordeggiare;bordo;;;avere;;
essere a bordo;bordare;bordo;;;essere;;
essere a bordo;abbordare;bordo;;;essere;;
essere a bordo;bordeggiare;bordo;;;essere;;
prendere a bordo;bordare;bordo;;;prendere;;
prendere a bordo;abbordare;bordo;;;prendere;;
prendere a bordo;bordeggiare;bordo;;;prendere;;
mettere in bottiglia;imbottigliare;bottiglia;;y;mettere;p;
dare il calcio;calciare;calcio;;y;dare;c;
dare un calcio;calciare;calcio;;y;dare;c;
dare il calcio;scalciare;calcio;;y;dare;p;
dare un calcio;scalciare;calcio;;y;dare;p;
dare il calcio;calcificare;calcio;;;dare;;
dare un calcio;calcificare;calcio;;;dare;;
fare calcio;calciare;calcio;;;fare;;
fare calcio;scalciare;calcio;;;fare;;
fare calcio;calcificare;calcio;;;fare;;
prendere a calcio;calciare;calcio;;y;prendere;c;
prendere a calcio;scalciare;calcio;;y;prendere;p;
prendere a calcio;calcificare;calcio;;;prendere;;
mettere in cammino;camminare;cammino;;y;mettere;c;
mettere in cammino;incamminare;cammino;;;mettere;;
avere campo;campare;campo;;;avere;;
avere campo;campare;campo;;;avere;;
avere campo;campire;campo;;;avere;;
avere campo;campire;campo;;;avere;;
avere campo;accampare;campo;;;avere;;
avere campo;scampare;campo;;;avere;;
avere campo;campeggiare;campo;;;avere;;
avere campo;campeggiare;campo;;;avere;;
dare il campo;campare;campo;;;dare;;
dare il campo;campare;campo;;;dare;;
dare il campo;campire;campo;;;dare;;
dare il campo;campire;campo;;;dare;;
dare il campo;accampare;campo;;;dare;;
dare il campo;scampare;campo;;;dare;;
dare il campo;campeggiare;campo;;;dare;;
dare il campo;campeggiare;campo;;;dare;;
mettere in campo;campare;campo;;;mettere;;
mettere in campo;campare;campo;;;mettere;;
mettere in campo;campire;campo;;;mettere;;
mettere in campo;campire;campo;;;mettere;;
mettere in campo;accampare;campo;;y;mettere;p;
mettere in campo;scampare;campo;;;mettere;;
mettere in campo;campeggiare;campo;;;mettere;;
mettere in campo;campeggiare;campo;;;mettere;;
fare il capitano;capitanare;capitano;;y;fare;c;
avere a capo;capeggiare;capo;;;avere;;
essere a capo;capeggiare;capo;;y;essere;s;
mettere a capo;capeggiare;capo;;;mettere;;
venire a capo;capeggiare;capo;;;venire;;
avere carattere;caratterizzare;carattere;;;avere;;
dare carattere;caratterizzare;carattere;;y;dare;s;
andare in carcere;carcerare;carcere;;;andare;;
andare in carcere;incarcerare;carcere;;;andare;;
andare in carcere;scarcerare;carcere;;;andare;;
essere in carcere;carcerare;carcere;;;essere;;
essere in carcere;incarcerare;carcere;;;essere;;
essere in carcere;scarcerare;carcere;;;essere;;
mandare in carcere;carcerare;carcere;;y;mandare;c;
mandare in carcere;incarcerare;carcere;;y;mandare;p;
mandare in carcere;scarcerare;carcere;;;mandare;;
mettere in carcere;carcerare;carcere;;y;mettere;c;
mettere in carcere;incarcerare;carcere;;y;mettere;p;
mettere in carcere;scarcerare;carcere;;;mettere;;
mettere su carta;incartare;carta;;;mettere;;
mettere su carta;scartare;carta;;;mettere;;
mettere su carta;scartare;carta;;;mettere;;
andare a casa;accasare;casa;;;andare;;
fare da casa;accasare;casa;;;fare;;
essere in catena;incatenare;catena;;;essere;;
essere in catena;scatenare;catena;;;essere;;
mettere in catena;incatenare;catena;1;0;y;mettere;p
mettere in catena;scatenare;catena;1;0;;mettere;
mettere la catena;incatenare;catena;;;mettere;;
mettere la catena;scatenare;catena;;;mettere;;
essere causa;causare;causa;;y;essere;c;
fare causa;causare;causa;;;fare;;
fare una causa;causare;causa;;;fare;;
andare a cavallo;accavallare;cavallo;;;andare;;
andare a cavallo;scavallare;cavallo;;;andare;;
andare a cavallo;scavallare;cavallo;;;andare;;
andare a cavallo;scavallare;cavallo;;;andare;;
essere a cavallo;accavallare;cavallo;;;essere;;
essere a cavallo;scavallare;cavallo;;;essere;;
essere a cavallo;scavallare;cavallo;;;essere;;
essere a cavallo;scavallare;cavallo;;;essere;;
andare a cena;cenare;cena;;y;andare;c;
essere a cena;cenare;cena;;y;essere;c;
fare una cena;cenare;cena;;y;fare;c;
fare centro;centrare;centro;;y;fare;c;
fare centro;accentrare;centro;;;fare;;
fare centro;incentrare;centro;;;fare;;
mettere in cima;cimare;cima;;;mettere;;
mettere in coda;accodare;coda;;;mettere;;
mettere in coda;scodare;coda;;;mettere;;
mettere in coda;scodare;coda;;;mettere;;
avere colore;colorare;colore;;;avere;;
avere colore;colorire;colore;;;avere;;
avere colore;scolorare;colore;;;avere;;
avere colore;scolorire;colore;;;avere;;
dare colore;colorare;colore;;y;dare;c;
dare colore;colorire;colore;;y;dare;c;
dare colore;scolorare;colore;;;dare;;
dare colore;scolorire;colore;;;dare;;
prendere colore;colorare;colore;;y;prendere;c;
prendere colore;colorire;colore;;y;prendere;c;
prendere colore;scolorare;colore;;;prendere;;
prendere colore;scolorire;colore;;;prendere;;
avere la colpa;incolpare;colpa;;;avere;;
fare una colpa;incolpare;colpa;;;fare;;
dare la colpa;incolpare;colpa;;y;dare;p;
andare a colpo;colpire;colpo;;;andare;;
andare a colpo;scolpire;colpo;;;andare;;
dare un colpo;colpire;colpo;;y;dare;c;
dare un colpo;scolpire;colpo;;;dare;;
fare colpo;colpire;colpo;;y;fare;c;
fare colpo;scolpire;colpo;;;fare;;
fare un colpo;colpire;colpo;;;fare;;
fare un colpo;scolpire;colpo;;;fare;;
avere in commercio;commerciare;commercio;;;avere;;
mettere in commercio;commerciare;commercio;;y;mettere;c;
fare il complimento;complimentare;complimento;;y;fare;c;
fare un complimento;complimentare;complimento;;y;fare;c;
dare una condizione;condizionare;condizione;;;dare;;
mettere in condizione;condizionare;condizione;;;mettere;;
fare una confessione;confessare;confessione;;y;fare;c;
fare una confessione;sconfessare;confessione;;;fare;;
fare da confine;confinare;confine;;;fare;;
fare da confine;sconfinare;confine;;;fare;;
dare il consiglio;consigliare;consiglio;;y;dare;c;
dare un consiglio;consigliare;consiglio;;y;dare;c;
dare il consiglio;sconsigliare;consiglio;;;dare;;
dare un consiglio;sconsigliare;consiglio;;;dare;;
andare a contatto;contattare;contatto;;;andare;;
avere contatto;contattare;contatto;;;avere;;
essere in contatto;contattare;contatto;;;essere;;
mettere a contatto;contattare;contatto;;;mettere;;
mettere in contatto;contattare;contatto;;y;mettere;c;
prendere contatto;contattare;contatto;;y;prendere;c;
venire a contatto;contattare;contatto;;y;venire;c;
venire in contatto;contattare;contatto;;y;venire;c;
essere sotto contratto;contrattare;contratto;;;essere;;
fare un contratto;contrattare;contratto;;;fare;;
mettere sotto contratto;contrattare;contratto;;;mettere;;
avere coraggio;incoraggiare;coraggio;;;avere;;
avere coraggio;scoraggiare;coraggio;;;avere;;
dare coraggio;incoraggiare;coraggio;;y;dare;p;
dare coraggio;scoraggiare;coraggio;;;dare;;
prendere coraggio;incoraggiare;coraggio;;;prendere;;
prendere coraggio;scoraggiare;coraggio;;;prendere;;
fare la corno;incornare;corno;;;fare;;
fare la corno;scornare;corno;;;fare;;
fare la corno;scornare;corno;;;fare;;
fare la corno;cornificare;corno;;y;fare;s;
mettere la corno;incornare;corno;;;mettere;;
mettere la corno;scornare;corno;;;mettere;;
mettere la corno;scornare;corno;;;mettere;;
mettere la corno;cornificare;corno;;y;mettere;s;
andare di corpo;accorpare;corpo;;;andare;;
avere in corpo;accorpare;corpo;;;avere;;
dare corpo;accorpare;corpo;;;dare;;
prendere corpo;accorpare;corpo;;;prendere;;
fare la corte;corteggiare;corte;;y;fare;s;
fare una corte;corteggiare;corte;;y;fare;s;
mettere in croce;incrociare;croce;;y;mettere;p;
mettere una croce;incrociare;croce;;;mettere;;
avere a cuore;accorare;cuore;;;avere;;
avere a cuore;scorare;cuore;;;avere;;
dare il cuore;accorare;cuore;;;dare;;
dare il cuore;scorare;cuore;;;dare;;
mettere il cuore;accorare;cuore;;;mettere;;
mettere il cuore;scorare;cuore;;;mettere;;
prendere a cuore;accorare;cuore;;;prendere;;
prendere a cuore;scorare;cuore;;;prendere;;
andare in cura;curare;cura;;;andare;;
avere cura;curare;cura;;y;avere;c;
avere in cura;curare;cura;;y;avere;c;
essere in cura;curare;cura;;;essere;;
essere sotto cura;curare;cura;;;essere;;
mettere in cura;curare;cura;;;mettere;;
prendere cura;curare;cura;;y;prendere;c;
prendere in cura;curare;cura;;y;prendere;c;
fare il custode;custodire;custode;;y;fare;c;
andare a danno;dannare;danno;;;andare;;
andare a danno;danneggiare;danno;;y;andare;s;
fare danno;dannare;danno;;;fare;;
fare il danno;dannare;danno;;;fare;;
fare un danno;dannare;danno;;;fare;;
fare danno;danneggiare;danno;;y;fare;s;
fare il danno;danneggiare;danno;;y;fare;s;
fare un danno;danneggiare;danno;;y;fare;s;
avere il debito;addebitare;debito;;;avere;;
avere il debito;indebitare;debito;;;avere;;
avere il debito;sdebitare;debito;;;avere;;
essere in debito;addebitare;debito;;;essere;;
essere in debito;indebitare;debito;;;essere;;
essere in debito;sdebitare;debito;;;essere;;
fare differenza;differenziare;differenza;;y;fare;c;
fare la differenza;differenziare;differenza;;y;fare;c;
avere dimensione;dimensionare;dimensione;;;avere;;
avere la direzione;direzionare;direzione;;;avere;;
avere una direzione;direzionare;direzione;;;avere;;
prendere una direzione;direzionare;direzione;;;prendere;;
dare una direzione;direzionare;direzione;;y;dare;c;
prendere distanza;distanziare;distanza;;y;prendere;c;
avere il dolore;dolorare;dolore;;;avere;;
avere il dolore;addolorare;dolore;;;avere;;
dare un dolore;dolorare;dolore;;;dare;;
dare un dolore;addolorare;dolore;;y;dare;p;
andare in dote;dotare;dote;;;andare;;
avere in dote;dotare;dote;;;avere;;
avere la dote;dotare;dote;;;avere;;
dare in dote;dotare;dote;;;dare;;
fare il dottore;addottorare;dottore;;;fare;;
avere il dubbio;dubitare;dubbio;;y;avere;s;
avere un dubbio;dubitare;dubbio;;y;avere;s;
essere in dubbio;dubitare;dubbio;;y;essere;s;
mettere in dubbio;dubitare;dubbio;;;mettere;;
essere sotto esame;esaminare;esame;;;essere;;
fare un esame;esaminare;esame;;y;fare;c;
mettere sotto esame;esaminare;esame;;y;mettere;c;
prendere in esame;esaminare;esame;;y;prendere;c;
dare un esempio;esemplificare;esempio;;y;dare;s;
fare da esempio;esemplificare;esempio;;;fare;;
fare un esempio;esemplificare;esempio;;y;fare;s;
prendere a esempio;esemplificare;esempio;;;prendere;;
prendere da esempio;esemplificare;esempio;;;prendere;;
prendere esempio;esemplificare;esempio;;;prendere;;
prendere in esempio;esemplificare;esempio;;;prendere;;
andare in esilio;esiliare;esilio;;;andare;;
essere in esilio;esiliare;esilio;;;essere;;
mandare in esilio;esiliare;esilio;;y;mandare;c;
mettere la faccia;affacciare;faccia;;;mettere;;
avere fame;affamare;fame;;;avere;;
avere fame;sfamare;fame;;;avere;;
fare la fame;affamare;fame;;;fare;;
fare la fame;sfamare;fame;;;fare;;
fare il fascista;fascistizzare;fascista;;;fare;;
dare fastidio;infastidire;fastidio;;y;dare;p;
andare a favore;favorire;favore;;y;andare;c;
andare a favore;favoreggiare;favore;;y;andare;s;
avere il favore;favorire;favore;;;avere;;
avere il favore;favoreggiare;favore;;;avere;;
essere a favore;favorire;favore;;y;essere;c;
essere a favore;favoreggiare;favore;;;essere;;
essere in favore;favorire;favore;;;essere;;
essere in favore;favoreggiare;favore;;;essere;;
essere in festa;festeggiare;festa;;;essere;;
fare festa;festeggiare;festa;;y;fare;s;
fare il favore;favorire;favore;;y;fare;c;
fare un favore;favorire;favore;;y;fare;c;
fare il favore;favoreggiare;favore;;y;fare;s;
fare un favore;favoreggiare;favore;;y;fare;s;
avere a fianco;fiancare;fianco;;;avere;;
avere a fianco;affiancare;fianco;;y;avere;p;
avere a fianco;sfiancare;fianco;;;avere;;
avere a fianco;fiancheggiare;fianco;;;avere;;
dare fiato;fiatare;fiato;;;dare;;
dare fiato;affiatare;fiato;;;dare;;
dare fiato;sfiatare;fiato;;;dare;;
prendere fiato;fiatare;fiato;;y;prendere;c;
prendere fiato;affiatare;fiato;;;prendere;;
prendere fiato;sfiatare;fiato;;;prendere;;
essere figlio;figliare;figlio;;;essere;;
fare un figlio;figliare;figlio;;;fare;;
fare film;filmare;film;;y;fare;c;
fare il filo;filare;filo;;y;fare;c;
fare il filo;affilare;filo;;;fare;;
fare il filo;infilare;filo;;;fare;;
fare il filo;sfilare;filo;;;fare;;
avere fine;finire;fine;;y;avere;c;
avere il fine;finire;fine;;;avere;;
fare la fine;finire;fine;;y;fare;c;
mettere fine;finire;fine;;y;mettere;c;
essere in fiore;fiorire;fiore;;y;essere;c;
essere in fiore;affiorare;fiore;;;essere;;
essere in fiore;affiorare;fiore;;;essere;;
essere in fiore;affiorare;fiore;;;essere;;
essere in fiore;infiorare;fiore;;;essere;;
essere in fiore;sfiorire;fiore;;;essere;;
essere in fiore;sfiorire;fiore;;;essere;;
essere in fiore;sfiorire;fiore;;;essere;;
andare a fondo;fondare;fondo;;;andare;;
andare a fondo;affondare;fondo;;y;andare;p;
andare a fondo;sfondare;fondo;;;andare;;
andare a fondo;sfondare;fondo;;;andare;;
andare in fondo;fondare;fondo;;;andare;;
andare in fondo;affondare;fondo;;;andare;;
andare in fondo;sfondare;fondo;;;andare;;
andare in fondo;sfondare;fondo;;;andare;;
dare fondo;fondare;fondo;;;dare;;
dare fondo;affondare;fondo;;;dare;;
dare fondo;sfondare;fondo;;;dare;;
dare fondo;sfondare;fondo;;;dare;;
mandare a fondo;fondare;fondo;;;mandare;;
mandare a fondo;affondare;fondo;;y;mandare;p;
mandare a fondo;sfondare;fondo;;;mandare;;
mandare a fondo;sfondare;fondo;;;mandare;;
avere forma;formare;forma;;;avere;;
avere forma;informare;forma;;;avere;;
avere forma;informare;forma;;;avere;;
avere forma;sformare;forma;;;avere;;
avere la forma;formare;forma;;;avere;;
avere la forma;informare;forma;;;avere;;
avere la forma;informare;forma;;;avere;;
avere la forma;sformare;forma;;;avere;;
dare forma;formare;forma;;y;dare;c;
dare forma;informare;forma;;;dare;;
dare forma;informare;forma;;;dare;;
dare forma;sformare;forma;;;dare;;
essere in forma;formare;forma;;;essere;;
essere in forma;informare;forma;;;essere;;
essere in forma;informare;forma;;;essere;;
essere in forma;sformare;forma;;;essere;;
mettere in forma;formare;forma;;;mettere;;
mettere in forma;informare;forma;;;mettere;;
mettere in forma;informare;forma;;;mettere;;
mettere in forma;sformare;forma;;;mettere;;
prendere forma;formare;forma;;y;prendere;c;
prendere forma;informare;forma;;;prendere;;
prendere forma;informare;forma;;;prendere;;
prendere forma;sformare;forma;;;prendere;;
avere fortuna;infortunare;fortuna;;;avere;;
fare fortuna;infortunare;fortuna;;;fare;;
avere forza;forzare;forza;;;avere;;
avere forza;sforzare;forza;;;avere;;
avere forza;sforzare;forza;;;avere;;
avere forza;sforzare;forza;;;avere;;
essere in forza;forzare;forza;;;essere;;
essere in forza;sforzare;forza;;;essere;;
essere in forza;sforzare;forza;;;essere;;
essere in forza;sforzare;forza;;;essere;;
fare forza;forzare;forza;;y;fare;c;
fare forza;sforzare;forza;;;fare;;
fare forza;sforzare;forza;;;fare;;
fare forza;sforzare;forza;;;fare;;
fare fotografia;fotografare;fotografia;;y;fare;c;
essere fratello;affratellare;fratello;;;essere;;
andare di fretta;affrettare;fretta;;;andare;;
avere fretta;affrettare;fretta;;;avere;;
essere di fretta;affrettare;fretta;;;essere;;
fare di fretta;affrettare;fretta;;;fare;;
fare fronte;affrontare;fronte;;y;fare;p;
dare il frutto;fruttificare;frutto;;y;dare;s;
essere frutto;fruttificare;frutto;;;essere;;
mettere a frutto;fruttificare;frutto;;;mettere;;
andare in fuga;fugare;fuga;;;andare;;
essere in fuga;fugare;fuga;;;essere;;
mettere in fuga;fugare;fuga;;y;mettere;c;
andare in fumo;fumare;fumo;;;andare;;
andare in fumo;sfumare;fumo;;y;andare;p;
fare fumo;fumare;fumo;;;fare;;
fare fumo;sfumare;fumo;;;fare;;
mandare in fumo;fumare;fumo;;;mandare;;
mandare in fumo;sfumare;fumo;;;mandare;;
avere la funzione;funzionare;funzione;;y;avere;c;
essere in funzione;funzionare;funzione;;y;essere;c;
mettere in funzione;funzionare;funzione;;;mettere;;
andare a fuoco;infuocare;fuoco;;;andare;;
andare a fuoco;sfocare;fuoco;;;andare;;
andare a fuoco;sfocare;fuoco;;;andare;;
dare a fuoco;infuocare;fuoco;;;dare;;
dare a fuoco;sfocare;fuoco;;;dare;;
dare a fuoco;sfocare;fuoco;;;dare;;
dare fuoco;infuocare;fuoco;;y;dare;p;
dare fuoco;sfocare;fuoco;;;dare;;
dare fuoco;sfocare;fuoco;;;dare;;
essere a fuoco;infuocare;fuoco;;;essere;;
essere a fuoco;sfocare;fuoco;;;essere;;
essere a fuoco;sfocare;fuoco;;;essere;;
fare fuoco;infuocare;fuoco;;;fare;;
fare fuoco;sfocare;fuoco;;;fare;;
fare fuoco;sfocare;fuoco;;;fare;;
mandare a fuoco;infuocare;fuoco;;y;mandare;p;
mandare a fuoco;sfocare;fuoco;;;mandare;;
mandare a fuoco;sfocare;fuoco;;;mandare;;
mettere a fuoco;infuocare;fuoco;;y;mettere;p;
mettere a fuoco;sfocare;fuoco;;;mettere;;
mettere a fuoco;sfocare;fuoco;;;mettere;;
prendere fuoco;infuocare;fuoco;;;prendere;;
prendere fuoco;sfocare;fuoco;;;prendere;;
prendere fuoco;sfocare;fuoco;;;prendere;;
essere in gamba;sgambare;gamba;;;essere;;
essere in gamba;sgambare;gamba;;;essere;;
essere in gamba;gambizzare;gamba;;;essere;;
prendere sotto gamba;sgambare;gamba;;;prendere;;
prendere sotto gamba;sgambare;gamba;;;prendere;;
prendere sotto gamba;gambizzare;gamba;;;prendere;;
essere in gara;gareggiare;gara;;y;essere;s;
fare a gara;gareggiare;gara;;y;fare;s;
fare una gara;gareggiare;gara;;y;fare;s;
mettere in gara;gareggiare;gara;;;mettere;;
fare il gesto;gestire;gesto;;;fare;;
essere in ginocchio;inginocchiare;ginocchio;;;essere;;
mettere in ginocchio;inginocchiare;ginocchio;;y;mettere;p;
fare il gioco;giocare;gioco;;y;fare;c;
mettere in gioco;giocare;gioco;;;mettere;;
avere la gioia;gioire;gioia;;y;avere;c;
andare a giro;girare;giro;;y;andare;c;
andare in giro;girare;giro;;y;andare;c;
fare il giro;girare;giro;;y;fare;c;
fare un giro;girare;giro;;y;fare;c;
mettere in giro;girare;giro;;;mettere;;
prendere in giro;girare;giro;;;prendere;;
dare giustizia;giustiziare;giustizia;;;dare;;
fare giustizia;giustiziare;giustizia;;;fare;;
avere in gloria;gloriare;gloria;;;avere;;
avere in gloria;glorificare;gloria;;;avere;;
dare gloria;gloriare;gloria;;;dare;;
dare gloria;glorificare;gloria;;y;dare;s;
fare gola;golare;gola;;;fare;;
fare gola;golare;gola;;;fare;;
fare gola;sgolare;gola;;;fare;;
mettere in grado;graduare;grado;;;mettere;;
mettere in grado;gradire;grado;;;mettere;;
mettere in grado;aggradare;grado;;;mettere;;
avere la grazia;graziare;grazia;;;avere;;
avere la grazia;aggraziare;grazia;;;avere;;
avere la grazia;ingraziare;grazia;;;avere;;
dare la grazia;graziare;grazia;;;dare;;
dare la grazia;aggraziare;grazia;;;dare;;
dare la grazia;ingraziare;grazia;;;dare;;
fare la grazia;graziare;grazia;;y;fare;c;
fare la grazia;aggraziare;grazia;;;fare;;
fare la grazia;ingraziare;grazia;;;fare;;
fare gruppo;aggruppare;gruppo;;y;fare;p;
mettere in guaio;guaire;guaio;;;mettere;;
mettere in guaio;inguaiare;guaio;;y;mettere;p;
andare in guerra;agguerrire;guerra;;;andare;;
andare in guerra;guerreggiare;guerra;;;andare;;
fare guerra;agguerrire;guerra;;;fare;;
fare guerra;guerreggiare;guerra;;y;fare;s;
fare una guerra;agguerrire;guerra;;;fare;;
fare una guerra;guerreggiare;guerra;;y;fare;s;
mandare in guerra;agguerrire;guerra;;;mandare;;
mandare in guerra;guerreggiare;guerra;;;mandare;;
avere idea;ideare;idea;;y;avere;c;
avere la idea;ideare;idea;;y;avere;c;
avere una idea;ideare;idea;;y;avere;c;
dare una impressione;impressionare;impressione;;;dare;;
fare impressione;impressionare;impressione;;y;fare;p;
avere inizio;iniziare;inizio;;y;avere;c;
dare inizio;iniziare;inizio;;y;dare;c;
avere interesse;interessare;interesse;;y;avere;c;
essere di interesse;interessare;interesse;;y;essere;c;
andare in lacrima;lacrimare;lacrima;;;andare;;
dare lavoro;lavorare;lavoro;;;dare;;
fare lavoro;lavorare;lavoro;;y;fare;c;
mettere a lavoro;lavorare;lavoro;;;mettere;;
mettere a letto;allettare;letto;;y;mettere;c;
avere il limite;limitare;limite;;;avere;;
avere un limite;limitare;limite;;;avere;;
dare il limite;limitare;limite;;y;dare;c;
dare un limite;limitare;limite;;y;dare;c;
mettere il limite;limitare;limite;;y;mettere;c;
mettere un limite;limitare;limite;;y;mettere;c;
mettere in linea;lineare;linea;;;mettere;;
mettere in linea;allineare;linea;;y;mettere;p;
mettere in lista;listare;lista;;y;mettere;c;
avere luogo;locare;luogo;;;avere;;
dare luogo;locare;luogo;;y;dare;c;
essere maestro;ammaestrare;maestro;;;essere;;
fare da maestro;ammaestrare;maestro;;;fare;;
fare il maestro;ammaestrare;maestro;;;fare;;
andare a male;ammalare;male;;;andare;;
avere a male;ammalare;male;;;avere;;
avere male;ammalare;male;;;avere;;
fare male;ammalare;male;;;fare;;
essere mamma;smammare;mamma;;;essere;;
essere mamma;smammare;mamma;;;essere;;
fare da mamma;smammare;mamma;;;fare;;
fare da mamma;smammare;mamma;;;fare;;
avere in mano;maneggiare;mano;;;avere;;
dare una mano;maneggiare;mano;;;dare;;
mettere in mano;maneggiare;mano;;;mettere;;
mettere mano;maneggiare;mano;;;mettere;;
prendere in mano;maneggiare;mano;;;prendere;;
mettere a mare;ammarare;mare;;y;mettere;p;
mettere a mare;mareggiare;mare;;;mettere;;
essere marito;maritare;marito;;;essere;;
prendere marito;maritare;marito;;y;prendere;c;
avere massa;ammassare;massa;;;avere;;
avere massa;massificare;massa;;;avere;;
fare massa;ammassare;massa;;;fare;;
fare massa;massificare;massa;;;fare;;
essere medico;medicare;medico;;;essere;;
fare il medico;medicare;medico;;;fare;;
essere membro;smembrare;membro;;;essere;;
avere memoria;memorizzare;memoria;;;avere;;
essere ministro;ministrare;ministro;;;essere;;
essere ministro;amministrare;ministro;;;essere;;
fare il ministro;ministrare;ministro;;;fare;;
fare il ministro;amministrare;ministro;;;fare;;
avere a modello;modellare;modello;;;avere;;
essere modello;modellare;modello;;;essere;;
fare da modello;modellare;modello;;;fare;;
prendere a modello;modellare;modello;;;prendere;;
dare modo;modificare;modo;;;dare;;
fare in modo;modificare;modo;;;fare;;
andare in moglie;ammogliare;moglie;;y;andare;p;
avere in moglie;ammogliare;moglie;;;avere;;
dare in moglie;ammogliare;moglie;;y;dare;p;
essere moglie;ammogliare;moglie;;;essere;;
fare la moglie;ammogliare;moglie;;;fare;;
prendere in moglie;ammogliare;moglie;;;prendere;;
prendere moglie;ammogliare;moglie;;;prendere;;
prendere per moglie;ammogliare;moglie;;;prendere;;
andare a monte;montare;monte;;;andare;;
andare a monte;ammontare;monte;;;andare;;
andare a monte;smontare;monte;;;andare;;
mandare a monte;montare;monte;;;mandare;;
mandare a monte;ammontare;monte;;;mandare;;
mandare a monte;smontare;monte;;;mandare;;
dare la morte;mortificare;morte;;;dare;;
dare una morte;mortificare;morte;;;dare;;
mandare a morte;mortificare;morte;;;mandare;;
mettere a morte;mortificare;morte;;;mettere;;
venire a morte;mortificare;morte;;;venire;;
essere motivo;motivare;motivo;;;essere;;
dare movimento;movimentare;movimento;;y;dare;c;
essere in movimento;movimentare;movimento;;;essere;;
fare movimento;movimentare;movimento;;;fare;;
mettere in movimento;movimentare;movimento;;y;mettere;c;
fare musica;musicare;musica;;;fare;;
mettere in musica;musicare;musica;;y;mettere;c;
avere natura;snaturare;natura;;;avere;;
avere a noia;annoiare;noia;;;avere;;
dare noia;annoiare;noia;;y;dare;p;
venire a noia;annoiare;noia;;y;venire;p;
avere nome;nomare;nome;;;avere;;
avere nome;nominare;nome;;;avere;;
dare il nome;nomare;nome;;;dare;;
dare il nome;nominare;nome;;y;dare;c;
fare il nome;nomare;nome;;;fare;;
fare il nome;nominare;nome;;;fare;;
mettere il nome;nomare;nome;;;mettere;;
mettere il nome;nominare;nome;;y;mettere;c;
prendere a nome;nomare;nome;;;prendere;;
prendere a nome;nominare;nome;;;prendere;;
prendere nome;nomare;nome;;;prendere;;
prendere nome;nominare;nome;;;prendere;;
avere il numero;numerare;numero;;;avere;;
dare il numero;numerare;numero;;y;dare;c;
fare numero;numerare;numero;;;fare;;
essere occasione;occasionare;occasione;;y;essere;c;
avere il occhio;oculare;occhio;;;avere;;
avere il occhio;adocchiare;occhio;;;avere;;
avere il occhio;inoculare;occhio;;;avere;;
avere il occhio;occhieggiare;occhio;;;avere;;
dare un occhio;oculare;occhio;;;dare;;
dare un occhio;adocchiare;occhio;;;dare;;
dare un occhio;inoculare;occhio;;;dare;;
dare un occhio;occhieggiare;occhio;;;dare;;
mettere il occhio;oculare;occhio;;;mettere;;
mettere il occhio;adocchiare;occhio;;;mettere;;
mettere il occhio;inoculare;occhio;;;mettere;;
mettere il occhio;occhieggiare;occhio;;;mettere;;
avere in odio;odiare;odio;;y;avere;c;
avere un odio;odiare;odio;;y;avere;c;
prendere in odio;odiare;odio;;;prendere;;
avere un odore;odorare;odore;;;avere;;
fare ombra;ombrare;ombra;;;fare;;
fare ombra;adombrare;ombra;;;fare;;
fare ombra;ombreggiare;ombra;;y;fare;s;
mettere in ombra;ombrare;ombra;;;mettere;;
mettere in ombra;adombrare;ombra;;y;mettere;p;
mettere in ombra;ombreggiare;ombra;;;mettere;;
andare in onda;inondare;onda;;;andare;;
andare in onda;ondeggiare;onda;;;andare;;
essere in onda;inondare;onda;;;essere;;
essere in onda;ondeggiare;onda;;;essere;;
mandare in onda;inondare;onda;;;mandare;;
mandare in onda;ondeggiare;onda;;;mandare;;
mettere in onda;inondare;onda;;;mettere;;
mettere in onda;ondeggiare;onda;;;mettere;;
avere un odore;odorare;odore;;y;avere;c;
avere il onore;onorare;onore;;;avere;;
dare onore;onorare;onore;;y;dare;c;
fare il onore;onorare;onore;;;fare;;
fare onore;onorare;onore;;y;fare;c;
essere in opera;operare;opera;;;essere;;
essere in opera;adoperare;opera;;;essere;;
essere opera;operare;opera;;;essere;;
essere opera;adoperare;opera;;;essere;;
mettere in opera;operare;opera;;;mettere;;
mettere in opera;adoperare;opera;;;mettere;;
essere in ordine;ordinare;ordine;;;essere;;
dare un ordine;ordinare;ordine;;y;dare;c;
fare ordine;ordinare;ordine;;y;fare;c;
mettere in ordine;ordinare;ordine;;y;mettere;c;
mettere ordine;ordinare;ordine;;y;mettere;c;
andare ospite;ospitare;ospite;;;andare;;
avere ospite;ospitare;ospite;;y;avere;c;
essere ospite;ospitare;ospite;;;essere;;
avere pace;pacificare;pace;;;avere;;
dare pace;pacificare;pace;;;dare;;
essere in pace;pacificare;pace;;;essere;;
fare pace;pacificare;pace;;;fare;;
mettere pace;pacificare;pace;;y;mettere;s;
essere padrone;impadronire;padrone;;;essere;;
fare da padrone;impadronire;padrone;;;fare;;
andare in palla;pallare;palla;;;andare;;
andare in palla;impallare;palla;;y;andare;p;
andare in palla;palleggiare;palla;;;andare;;
essere parente;apparentare;parente;;;essere;;
essere parente;imparentare;parente;;;essere;;
avere da parte;impartire;parte;;;avere;;
avere da parte;spartire;parte;;;avere;;
avere da parte;spartire;parte;;;avere;;
avere da parte;partire;parte;;;avere;;
avere da parte;appartare;parte;;;avere;;
avere da parte;parteggiare;parte;;;avere;;
avere parte;impartire;parte;;;avere;;
avere parte;spartire;parte;;;avere;;
avere parte;spartire;parte;;;avere;;
avere parte;partire;parte;;;avere;;
avere parte;appartare;parte;;;avere;;
avere parte;parteggiare;parte;;;avere;;
essere parte;impartire;parte;;;essere;;
essere parte;spartire;parte;;;essere;;
essere parte;spartire;parte;;;essere;;
essere parte;partire;parte;;;essere;;
essere parte;appartare;parte;;;essere;;
essere parte;parteggiare;parte;;;essere;;
fare parte;impartire;parte;;;fare;;
fare parte;spartire;parte;;;fare;;
fare parte;spartire;parte;;;fare;;
fare parte;partire;parte;;;fare;;
fare parte;appartare;parte;;;fare;;
fare parte;parteggiare;parte;;;fare;;
prendere parte;impartire;parte;;;prendere;;
prendere parte;spartire;parte;;;prendere;;
prendere parte;spartire;parte;;;prendere;;
prendere parte;partire;parte;;;prendere;;
prendere parte;appartare;parte;;;prendere;;
prendere parte;parteggiare;parte;;y;prendere;s;
fare il passo;passare;passo;;;fare;;
fare il passo;passeggiare;passo;;;fare;;
avere paura;impaurire;paura;;;avere;;
avere paura;spaurire;paura;;;avere;;
avere paura;spaurire;paura;;;avere;;
fare il patto;patteggiare;patto;;y;fare;s;
fare un patto;patteggiare;patto;;y;fare;s;
avere una paura;impaurire;paura;;;avere;;
avere una paura;spaurire;paura;;;avere;;
avere una paura;spaurire;paura;;;avere;;
fare paura;impaurire;paura;;y;fare;p;
fare paura;spaurire;paura;;y;fare;p;
fare paura;spaurire;paura;;;fare;;
mettere paura;impaurire;paura;;y;mettere;p;
mettere paura;spaurire;paura;;y;mettere;p;
mettere paura;spaurire;paura;;;mettere;;
fare il pelo;spelare;pelo;;;fare;;
fare il pelo;pelare;pelo;;;fare;;
fare il pelo;spelare;pelo;;;fare;;
fare il pelo;spelare;pelo;;;fare;;
avere la pena;penare;pena;;;avere;;
dare la pena;penare;pena;;;dare;;
essere in pena;penare;pena;;y;essere;c;
essere in pensiero;impensierire;pensiero;;;essere;;
fare un pensiero;impensierire;pensiero;;;fare;;
andare in pensione;pensionare;pensione;;;andare;;
essere in pensione;pensionare;pensione;;;essere;;
mandare in pensione;pensionare;pensione;;y;mandare;c;
mettere in pensione;pensionare;pensione;;y;mettere;c;
mettere in pericolo;pericolare;pericolo;;;mettere;;
mettere in pericolo;spericolare;pericolo;;;mettere;;
avere il peso;pesare;peso;;y;avere;c;
avere il peso;spesare;peso;;;avere;;
avere peso;pesare;peso;;;avere;;
avere peso;spesare;peso;;;avere;;
dare il peso;pesare;peso;;y;dare;c;
dare un peso;pesare;peso;;y;dare;c;
andare a pezzo;appezzare;pezzo;;;andare;;
andare a pezzo;spezzare;pezzo;;;andare;;
andare in pezzo;appezzare;pezzo;;;andare;;
andare in pezzo;spezzare;pezzo;;;andare;;
essere a pezzo;appezzare;pezzo;;;essere;;
essere a pezzo;spezzare;pezzo;;;essere;;
essere in pezzo;appezzare;pezzo;;;essere;;
essere in pezzo;spezzare;pezzo;;;essere;;
fare a pezzo;appezzare;pezzo;;;fare;;
fare a pezzo;spezzare;pezzo;;y;fare;p;
mandare in pezzo;appezzare;pezzo;;;mandare;;
mandare in pezzo;spezzare;pezzo;;y;mandare;p;
fare il piano;pianificare;piano;;y;fare;s;
fare piazza;piazzare;piazza;;;fare;;
fare piazza;spiazzare;piazza;;;fare;;
fare piazza;spiazzare;piazza;;;fare;;
andare a piede;appiedare;piede;;;andare;;
essere a piede;appiedare;piede;;;essere;;
mettere in piede;appiedare;piede;;;mettere;;
mettere piede;appiedare;piede;;;mettere;;
prendere piede;appiedare;piede;;;prendere;;
essere poeta;poetare;poeta;;;essere;;
fare il poeta;poetare;poeta;;y;fare;c;
prendere polvere;impolverare;polvere;;y;prendere;p;
prendere polvere;spolverare;polvere;;;prendere;;
prendere polvere;spolverare;polvere;;;prendere;;
prendere polvere;polverizzare;polvere;;;prendere;;
avere la posizione;posizionare;posizione;;;avere;;
mettere in posizione;posizionare;posizione;;y;mettere;c;
prendere posizione;posizionare;posizione;;;prendere;;
avere posto;postare;posto;;;avere;;
avere posto;impostare;posto;;;avere;;
avere posto;posteggiare;posto;;;avere;;
dare posto;postare;posto;;;dare;;
dare posto;impostare;posto;;;dare;;
dare posto;posteggiare;posto;;;dare;;
fare posto;postare;posto;;;fare;;
fare posto;impostare;posto;;;fare;;
fare posto;posteggiare;posto;;;fare;;
mettere a posto;postare;posto;;;mettere;;
mettere a posto;impostare;posto;;;mettere;;
mettere a posto;posteggiare;posto;;;mettere;;
prendere il posto;postare;posto;;;prendere;;
prendere il posto;impostare;posto;;;prendere;;
prendere il posto;posteggiare;posto;;;prendere;;
prendere posto;postare;posto;;;prendere;;
prendere posto;impostare;posto;;;prendere;;
prendere posto;posteggiare;posto;;;prendere;;
andare a pranzo;pranzare;pranzo;;y;andare;c;
essere a pranzo;pranzare;pranzo;;y;essere;c;
fare pratica;praticare;pratica;;y;fare;c;
fare pratica;impratichire;pratica;;;fare;;
fare una pratica;praticare;pratica;;;fare;;
fare una pratica;impratichire;pratica;;;fare;;
mettere in pratica;praticare;pratica;;y;mettere;c;
mettere in pratica;impratichire;pratica;;;mettere;;
andare in premio;premiare;premio;;;andare;;
avere in premio;premiare;premio;;;avere;;
dare in premio;premiare;premio;;;dare;;
dare un premio;premiare;premio;;y;dare;c;
fare una presenza;presenziare;presenza;;;fare;;
essere prete;pretare;prete;;;essere;;
essere prete;spretare;prete;;;essere;;
fare il prete;pretare;prete;;;fare;;
fare il prete;spretare;prete;;;fare;;
fare il prezzo;prezzare;prezzo;;;fare;;
fare il prezzo;sprezzare;prezzo;;;fare;;
mettere un prezzo;prezzare;prezzo;;y;mettere;c;
mettere un prezzo;sprezzare;prezzo;;;mettere;;
andare in prigione;imprigionare;prigione;;;andare;;
andare in prigione;sprigionare;prigione;;;andare;;
essere in prigione;imprigionare;prigione;;;essere;;
essere in prigione;sprigionare;prigione;;;essere;;
mandare in prigione;imprigionare;prigione;;y;mandare;p;
mandare in prigione;sprigionare;prigione;;;mandare;;
mettere in prigione;imprigionare;prigione;;y;mettere;p;
mettere in prigione;sprigionare;prigione;;;mettere;;
fare il principe;principare;principe;;;fare;;
andare a processo;processare;processo;;;andare;;
essere sotto processo;processare;processo;;;essere;;
fare il processo;processare;processo;;y;fare;c;
fare un processo;processare;processo;;;fare;;
mettere sotto processo;processare;processo;;y;mettere;c;
avere il profumo;profumare;profumo;;y;avere;c;
avere in progetto;progettare;progetto;;y;avere;c;
essere in progetto;progettare;progetto;;;essere;;
fare il progetto;progettare;progetto;;y;fare;c;
avere in programma;programmare;programma;;y;avere;c;
essere in programma;programmare;programma;;;essere;;
fare il programma;programmare;programma;;y;fare;c;
mettere in programma;programmare;programma;;;mettere;;
avere il proposito;spropositare;proposito;;;avere;;
avere in pugno;impugnare;pugno;;;avere;;
fare a pugno;impugnare;pugno;;;fare;;
prendere a pugno;impugnare;pugno;;;prendere;;
prendere in pugno;impugnare;pugno;;;prendere;;
fare il punto;puntare;punto;;;fare;;
fare il punto;appuntare;punto;;;fare;;
fare il punto;punteggiare;punto;;;fare;;
fare punto;puntare;punto;;;fare;;
fare punto;appuntare;punto;;;fare;;
fare punto;punteggiare;punto;;;fare;;
mettere a punto;puntare;punto;;;mettere;;
mettere a punto;appuntare;punto;;;mettere;;
mettere a punto;punteggiare;punto;;;mettere;;
essere in questione;questionare;questione;;;essere;;
mettere in questione;questionare;questione;;y;mettere;c;
prendere in questione;questionare;questione;;;prendere;;
andare in radio;radiare;radio;;;andare;;
andare in radio;radiare;radio;;;andare;;
andare in radio;irradiare;radio;;;andare;;
andare in radio;irradiare;radio;;;andare;;
mandare in radio;radiare;radio;;;mandare;;
mandare in radio;radiare;radio;;;mandare;;
mandare in radio;irradiare;radio;;;mandare;;
mandare in radio;irradiare;radio;;;mandare;;
avere ragione;ragionare;ragione;;;avere;;
avere ragione;sragionare;ragione;;;avere;;
dare ragione;ragionare;ragione;;;dare;;
dare ragione;sragionare;ragione;;;dare;;
dare una regola;sregolare;regola;;;dare;;
dare una regola;regolare;regola;;y;dare;c;
mettere in regola;sregolare;regola;;;mettere;;
mettere in regola;regolare;regola;;y;mettere;c;
essere in relazione;relazionare;relazione;;;essere;;
fare una relazione;relazionare;relazione;;y;fare;c;
mettere in relazione;relazionare;relazione;;y;mettere;c;
avere il rischio;rischiare;rischio;;y;avere;c;
avere il rischio;arrischiare;rischio;;;avere;;
essere a rischio;rischiare;rischio;;;essere;;
essere a rischio;arrischiare;rischio;;;essere;;
mettere a rischio;rischiare;rischio;;y;mettere;c;
mettere a rischio;arrischiare;rischio;;;mettere;;
avere rispetto;rispettare;rispetto;;y;avere;c;
fare rispetto;rispettare;rispetto;;;fare;;
fare una rivoluzione;rivoluzionare;rivoluzione;;y;fare;c;
fare il rumore;rumoreggiare;rumore;;y;fare;s;
fare rumore;rumoreggiare;rumore;;y;fare;s;
andare di scena;inscenare;scena;;;andare;;
andare di scena;sceneggiare;scena;;;andare;;
andare in scena;inscenare;scena;;;andare;;
andare in scena;sceneggiare;scena;;;andare;;
essere in scena;inscenare;scena;;;essere;;
essere in scena;sceneggiare;scena;;;essere;;
fare scena;inscenare;scena;;;fare;;
fare scena;sceneggiare;scena;;;fare;;
fare una scena;inscenare;scena;;;fare;;
fare una scena;sceneggiare;scena;;;fare;;
mandare in scena;inscenare;scena;;y;mandare;p;
mandare in scena;sceneggiare;scena;;y;mandare;s;
mettere in scena;inscenare;scena;;y;mettere;p;
mettere in scena;sceneggiare;scena;;y;mettere;s;
dare la schiena;schienare;schiena;;;dare;;
essere un schifo;schifare;schifo;;;essere;;
fare schifo;schifare;schifo;;;fare;;
andare a segno;segnare;segno;;y;andare;c;
andare a segno;assegnare;segno;;;andare;;
andare a segno;insegnare;segno;;;andare;;
andare a segno;significare;segno;;;andare;;
essere segno;segnare;segno;;;essere;;
essere segno;assegnare;segno;;;essere;;
essere segno;insegnare;segno;;;essere;;
essere segno;significare;segno;;y;essere;s;
fare un segno;segnare;segno;;y;fare;c;
fare un segno;assegnare;segno;;;fare;;
fare un segno;insegnare;segno;;;fare;;
fare un segno;significare;segno;;;fare;;
mandare a segno;segnare;segno;;y;mandare;c;
mandare a segno;assegnare;segno;;;mandare;;
mandare a segno;insegnare;segno;;;mandare;;
mandare a segno;significare;segno;;;mandare;;
mettere a segno;segnare;segno;;y;mettere;c;
mettere a segno;assegnare;segno;;;mettere;;
mettere a segno;insegnare;segno;;;mettere;;
mettere a segno;significare;segno;;;mettere;;
mettere un segno;segnare;segno;;;mettere;;
mettere un segno;assegnare;segno;;;mettere;;
mettere un segno;insegnare;segno;;;mettere;;
mettere un segno;significare;segno;;;mettere;;
fare da servo;servire;servo;;;fare;;
fare da servo;asservire;servo;;;fare;;
fare il servo;servire;servo;;;fare;;
fare il servo;asservire;servo;;;fare;;
essere signore;signoreggiare;signore;;y;essere;s;
fare il signore;signoreggiare;signore;;;fare;;
fare silenzio;silenziare;silenzio;;;fare;;
mettere sotto silenzio;silenziare;silenzio;;y;mettere;c;
avere in simpatia;simpatizzare;simpatia;;y;avere;s;
avere la simpatia;simpatizzare;simpatia;;y;avere;s;
avere simpatia;simpatizzare;simpatia;;y;avere;s;
prendere in simpatia;simpatizzare;simpatia;;;prendere;;
essere sindaco;sindacare;sindaco;;;essere;;
fare il sindaco;sindacare;sindaco;;;fare;;
fare sistema;sistemare;sistema;;;fare;;
mettere a sistema;sistemare;sistema;;;mettere;;
fare il soldo;assoldare;soldo;;;fare;;
prendere il sole;soleggiare;sole;;;prendere;;
fare il sogno;sognare;sogno;;y;fare;c;
fare un sogno;sognare;sogno;;y;fare;c;
avere il sogno;sognare;sogno;;y;avere;c;
avere un sogno;sognare;sogno;;y;avere;c;
avere un sonno;assonnare;sonno;;;avere;;
prendere sonno;assonnare;sonno;;;prendere;;
avere in sorte;sortire;sorte;;;avere;;
avere in sorte;assortire;sorte;;;avere;;
avere in sorte;assortire;sorte;;;avere;;
avere in sorte;sorteggiare;sorte;;;avere;;
dare sostanza;sostanziare;sostanza;;y;dare;c;
dare la spalla;spalleggiare;spalla;;y;dare;s;
fare da spalla;spalleggiare;spalla;;y;fare;s;
fare la spalla;spalleggiare;spalla;;y;fare;s;
avere spazio;spaziare;spazio;;;avere;;
dare spazio;spaziare;spazio;;;dare;;
fare spazio;spaziare;spazio;;;fare;;
fare da specchio;specchiare;specchio;;;fare;;
fare spesa;spesare;spesa;;;fare;;
fare una spesa;spesare;spesa;;;fare;;
andare sposa;sposare;sposa;;y;andare;c;
dare una stella;stellare;stella;;;dare;;
dare una stella;stellare;stella;;;dare;;
mettere in tasca;intascare;tasca;;y;mettere;p;
mettere una tassa;tassare;tassa;;y;mettere;c;
essere a tavola;tavolare;tavola;;;essere;;
essere a tavola;intavolare;tavola;;;essere;;
avere tempo;temporeggiare;tempo;;;avere;;
dare tempo;temporeggiare;tempo;;;dare;;
essere in tempo;temporeggiare;tempo;;;essere;;
prendere tempo;temporeggiare;tempo;;y;prendere;s;
andare a termine;terminare;termine;;;andare;;
andare a termine;sterminare;termine;;;andare;;
andare a termine;sterminare;termine;;;andare;;
avere termine;terminare;termine;;y;avere;c;
avere termine;sterminare;termine;;;avere;;
avere termine;sterminare;termine;;;avere;;
mettere un termine;terminare;termine;;y;mettere;c;
mettere un termine;sterminare;termine;;;mettere;;
mettere un termine;sterminare;termine;;;mettere;;
andare in testa;intestare;testa;;;andare;;
avere in testa;intestare;testa;;;avere;;
essere in testa;intestare;testa;;;essere;;
mettere in testa;intestare;testa;;;mettere;;
avere titolo;titolare;titolo;;y;avere;c;
avere titolo;intitolare;titolo;;;avere;;
dare il titolo;titolare;titolo;;y;dare;c;
dare il titolo;intitolare;titolo;;y;dare;p;
mettere il titolo;titolare;titolo;;y;mettere;c;
mettere il titolo;intitolare;titolo;;y;mettere;p;
prendere il titolo;titolare;titolo;;;prendere;;
prendere il titolo;intitolare;titolo;;y;prendere;p;
avere il tono;intonare;tono;;;avere;;
avere il tono;stonare;tono;;;avere;;
avere il tono;tonificare;tono;;;avere;;
dare il tono;intonare;tono;;;dare;;
dare il tono;stonare;tono;;;dare;;
dare il tono;tonificare;tono;;;dare;;
fare da torre;torreggiare;torre;;;fare;;
dare in uso;usare;uso;;;dare;;
dare in uso;adusare;uso;;;dare;;
essere in uso;usare;uso;;;essere;;
essere in uso;adusare;uso;;;essere;;
fare un uso;usare;uso;;;fare;;
fare un uso;adusare;uso;;;fare;;
fare uso;usare;uso;;y;fare;c;
fare uso;adusare;uso;;;fare;;
mettere in uso;usare;uso;;y;mettere;c;
mettere in uso;adusare;uso;;;mettere;;
venire in uso;usare;uso;;;venire;;
venire in uso;adusare;uso;;;venire;;
mettere in valigia;svaligiare;valigia;;;mettere;;
dare valore;avvalorare;valore;;y;dare;p;
dare valore;valorizzare;valore;;y;dare;s;
mettere a valore;avvalorare;valore;;;mettere;;
mettere a valore;valorizzare;valore;;;mettere;;
mettere in valore;avvalorare;valore;;;mettere;;
mettere in valore;valorizzare;valore;;;mettere;;
essere una vergogna;vergognarsi;vergogna;;;essere;;
essere una vergogna;svergognare;vergogna;;;essere;;
essere una vergogna;vergognare;vergogna;;;essere;;
dare il via;avviare;via;;y;dare;p;
dare il via;inviare;via;;;dare;;
prendere il via;avviare;via;;;prendere;;
prendere il via;inviare;via;;;prendere;;
prendere la via;avviare;via;;;prendere;;
prendere la via;inviare;via;;;prendere;;
essere in viaggio;viaggiare;viaggio;;;essere;;
mettere in viaggio;viaggiare;viaggio;;;mettere;;
fare il viaggio;viaggiare;viaggio;;y;fare;c;
fare un viaggio;viaggiare;viaggio;;y;fare;c;
avere in vista;avvistare;vista;;;avere;;
essere in vista;avvistare;vista;;;essere;;
mettere in vista;avvistare;vista;;;mettere;;
essere vittima;vittimizzare;vittima;;;essere;;
fare la vittima;vittimizzare;vittima;;;fare;;
avere voce;vociare;voce;;;avere;;
dare voce;vociare;voce;;;dare;;
avere voglia;invogliare;voglia;;;avere;;
dare il voto;votare;voto;;y;dare;c;
