nome;concretezza;animato;pattern;pattern_semispec;vsupp;frequenza;verbo
abitudine;astratto;non_animato;VPrepN;V di N;essere;20;essere di abitudine
accordo;astratto;non_animato;VPrepN;V di N;andare;297;andare di accordo
accordo;astratto;non_animato;VPrepN;V di N;essere;3387;essere di accordo
accordo;astratto;non_animato;VPrepN;V in N;essere;149;essere in accordo
accordo;astratto;non_animato;VDetN;V det_indef N;fare;106;fare un(/il) accordo
accordo;astratto;non_animato;VPrepN;V di N;mettere;604;mettere di accordo
accordo;astratto;non_animato;VPrepN;V in N;mettere;5;mettere in accordo
acqua;concreto;non_animato;VN;VN;fare;9;fare acqua
acqua;concreto;non_animato;VPrepN;V in N;mettere;26;mettere in acqua
addio;astratto;non_animato;VDetN;V det_indef N;dare;6;dare un addio
affare;astratto;non_animato;VPrepN;V in N;essere;38;essere in affare
affare;astratto;non_animato;VDetN;V det_def N;fare;79;fare il affare
affare;astratto;non_animato;VPrepN;V in N;mettere;36;mettere in affare
agente;concreto;umano;VPrepN;V da N;fare;5;fare da agente
agricoltura;astratto;non_animato;VN;VN;fare;9;fare agricoltura
aiuto;astratto;non_animato;VPrepN;V in N;andare;52;andare in aiuto
aiuto;astratto;non_animato;V(Det)N;V (det_indef) N;dare;109;dare (un) aiuto
aiuto;astratto;non_animato;VPrepN;V di N;essere;249;essere di aiuto
aiuto;astratto;non_animato;VPrepN;V di N;essere;163;essere di aiuto
americano;concreto;non_animato;VDetN;V det_def N;fare;24;fare il americano
amicizia;astratto;non_animato;VPrepN;V in N;essere;18;essere in amicizia
amicizia;astratto;non_animato;VN;VN;fare;144;fare amicizia
amico;astratto;non_animato;VPrepN;V da N;fare;5;fare da amico
amico;astratto;non_animato;VDetN;V det_def N;fare;7;fare il amico
amministrazione;astratto;non_animato;VPrepN;V sotto N;essere;12;essere sotto amministrazione
amore;astratto;non_animato;VN;VN;dare;11;dare amore
amore;astratto;non_animato;VPrepN;V in N;essere;5;essere in amore
anello;concreto;non_animato;VPrepN;V da N;fare;5;fare da anello
angelo;concreto;umano;VPrepN;V da N;fare;8;fare da angelo
anima;astratto;non_animato;VN;VN;dare;5;dare anima
animo;astratto;non_animato;VPrepN;V in N;avere;47;avere in animo
ansia;astratto;non_animato;VPrepN;V in N;essere;31;essere in ansia
ansia;astratto;non_animato;VPrepN;V in N;mettere;5;mettere in ansia
appuntamento;astratto;non_animato;V(Det)N;V (det_indef) N;dare;60;dare (un) appuntamento
appuntamento;astratto;non_animato;V(Det)N;V (det_indef) N;prendere;14;prendere (un) appuntamento
argomento;astratto;non_animato;VDetN;V det_def N;avere;5;avere il argomento
aria;concreto;non_animato;VN;VN;dare;22;dare aria
aria;concreto;non_animato;VN;-;prendere;25;prendere aria
arma;concreto;non_animato;VPrepN;V in N;mettere;5;mettere in arma
arte;astratto;non_animato;VN;VN;fare;54;fare arte
artista;concreto;umano;VN;VN;essere;18;essere artista
artista;concreto;umano;VDetN;V det_def N;fare;6;fare il artista
aspetto;astratto;non_animato;VDetN;V det_indef N;dare;129;dare un aspetto
atteggiamento;astratto;non_animato;VDetN;V det_indef N;avere;225;avere un atteggiamento
atteggiamento;astratto;non_animato;VPrepN;V in N;essere;13;essere in atteggiamento
attenzione;astratto;non_animato;VN;VN;avere;7;avere attenzione
attenzione;astratto;non_animato;VN;VN;dare;15;dare attenzione
attenzione;astratto;non_animato;VN;VN;fare;384;fare attenzione
attesa;astratto;non_animato;VPrepN;V in N;essere;497;essere in attesa
attesa;astratto;non_animato;VPrepN;V in N;mettere;32;mettere in attesa
attività;astratto;non_animato;VPrepN;V in N;essere;74;essere in attività
attività;astratto;non_animato;VN;VN;fare;49;fare attività
attività;astratto;non_animato;VPrepN;V in N;mettere;12;mettere in attività
atto;astratto;non_animato;VPrepN;V in N;avere;9;avere in atto
atto;astratto;non_animato;VN;VN;dare;63;dare atto
atto;astratto;non_animato;VPrepN;V in N;mettere;2229;mettere in atto
atto;astratto;non_animato;VN;-;prendere;356;prendere atto
attore;concreto;umano;VN;VN;essere;10;essere attore
attore;concreto;umano;VDetN;V det_def N;fare;21;fare il attore
autorità;astratto;non_animato;VN;VN;avere;10;avere autorità
autorità;astratto;non_animato;VDetN;V det_def N;fare;7;fare la autorità
avversario;astratto;non_animato;VDetN;V det_def N;fare;6;fare il avversario
azione;;;VPrepN;V in N;andare;6;andare in azione
azione;;;VPrepN;V in N;mandare;26;mandare in azione
azione;astratto;non_animato;VPrepN;V in N;mettere;76;mettere in azione
bacio;astratto;non_animato;VDetN;V det_indef N;dare;138;dare un(/il) bacio
bagno;;;VPrepN;V in N;andare;179;andare in bagno
bagno;astratto;non_animato;VDetN;V det_def/indef N;fare;484;fare il/un bagno
bagno;astratto;non_animato;VPrepN;V a N;mettere;28;mettere a bagno
ballo;astratto;non_animato;VPrepN;V in N;avere;8;avere in ballo
ballo;astratto;non_animato;VPrepN;V in N;essere;113;essere in ballo
ballo;astratto;non_animato;VDetN;V det_indef N;fare;10;fare un ballo
ballo;astratto;non_animato;VPrepN;V in N;mettere;19;mettere in ballo
bambina;astratto;non_animato;VDetN;V det_def N;fare;6;fare la bambina
bambino;concreto;umano;VDetN;V det_def N;fare;43;fare il bambino
barba;concreto;non_animato;VDetN;V det_def N;fare;50;fare la barba
base;concreto;non_animato;VDetN;V det_indef N;avere;234;avere una base
battaglia;;;VPrepN;V in N;andare;36;andare in battaglia
battaglia;concreto;non_animato;VN;VN;dare;113;dare (la) battaglia
battaglia;concreto;non_animato;VDetN;V det_def N;fare;13;fare la battaglia
battaglia;;;VPrepN;V in N;mandare;9;mandare in battaglia
bene;astratto;non_animato;VDetN;V det_def N;fare;119;fare il bene
bestia;;;VPrepN;V in N;andare;9;andare in bestia
bestia;;;VPrepN;V in N;mandare;31;mandare in bestia
bicicletta;;;VPrepN;V in N;andare;87;andare in bicicletta
bisogno;astratto;non_animato;V(Det)N;V (det_def) N;avere;174;avere (il) bisogno
bocca;concreto;non_animato;VN;VN;mettere;13;mettere bocca
bomba;concreto;non_animato;VDetN;V det_indef N;mettere;44;mettere una bomba
bordo;concreto;non_animato;VPrepN;V a N;avere;98;avere a bordo
bordo;concreto;non_animato;VPrepN;V a N;essere;226;essere a bordo
bordo;concreto;non_animato;VPrepN;V a N;prendere;37;prendere a bordo
bottiglia;concreto;non_animato;VPrepN;V in N;mettere;7;mettere in bottiglia
buongiorno;astratto;non_animato;VDetN;V det_def N;dare;28;dare il buongiorno
buono;astratto;non_animato;VDetN;V det_def N;fare;19;fare il buono
caccia;;;VPrepN;V a N;andare;334;andare a caccia
caccia;astratto;non_animato;VDetN;V det_def N;dare;782;dare la(/una) caccia
caccia;astratto;non_animato;VPrepN;V a N;essere;80;essere a caccia
caccia;astratto;non_animato;VPrepN;V in N;essere;10;essere in caccia
caccia;astratto;non_animato;VDetN;V det_indef N;fare;5;fare un caccia
calcio;astratto;non_animato;VDetN;V det_indef/def N;dare;88;dare un(/il) calcio
calcio;astratto;non_animato;VN;VN;fare;5;fare calcio
calcio;astratto;non_animato;VPrepN;V a N;prendere;238;prendere a calcio
caldo;astratto;non_animato;VDetN;V det_indef N;fare;15;fare un caldo
cambio;astratto;non_animato;VPrepN;V in N;avere;75;avere in cambio
cambio;astratto;non_animato;VDetN;V det_def N;dare;177;dare il(/un) cambio
cambio;astratto;non_animato;VPrepN;V in N;dare;38;dare in cambio
cambio;astratto;non_animato;VDetN;V det_indef N;fare;18;fare un cambio
cammino;astratto;non_animato;VPrepN;V in N;mettere;85;mettere in cammino
campagna;concreto;non_animato;VN;VN;fare;50;fare campagna
campo;concreto;non_animato;VN;VN;avere;16;avere campo
campo;concreto;non_animato;VDetN;V det_def N;dare;5;dare il campo
campo;concreto;non_animato;VPrepN;V in N;mettere;771;mettere in campo
capitano;concreto;umano;VDetN;V det_def N;fare;7;fare il capitano
capo;concreto;non_animato;VPrepN;V a N;avere;36;avere a capo
capo;concreto;non_animato;VPrepN;V a N;essere;1090;essere a capo
capo;concreto;non_animato;VPrepN;V a N;mettere;457;mettere a capo
carabiniere;concreto;umano;VDetN;V det_def N;fare;13;fare il carabiniere
carattere;astratto;non_animato;VN;VN;avere;47;avere carattere
carattere;astratto;non_animato;VN;VN;dare;7;dare carattere
carcere;;;VPrepN;V in N;andare;76;andare in carcere
carcere;concreto;non_animato;VPrepN;V in N;essere;172;essere in carcere
carcere;;;VPrepN;V in N;mandare;20;mandare in carcere
carcere;concreto;non_animato;VPrepN;V in N;mettere;61;mettere in carcere
carica;astratto;non_animato;VDetN;V det_def N;avere;52;avere la carica
carica;astratto;non_animato;VDetN;V det_def N;dare;34;dare la carica
carica;astratto;non_animato;VPrepN;V in N;mettere;8;mettere in carica
carità;astratto;non_animato;VDetN;V det_def N;avere;5;avere la carità
carità;astratto;non_animato;VDetN;V det_def N;fare;17;fare la carità
carriera;astratto;non_animato;VN;VN;fare;226;fare (una) carriera
carta;concreto;non_animato;VPrepN;V su N;mettere;28;mettere su carta
casa;;;VPrepN;V a N;andare;765;andare a casa
casa;concreto;non_animato;VPrepN;V da N;fare;11;fare da casa
caso;astratto;non_animato;VN;VN;fare;6;fare caso
catena;concreto;non_animato;VPrepN;V in N;essere;6;essere in catena
catena;concreto;non_animato;VDetN;V det_def N;mettere;11;mettere la catena
cattivo;concreto;non_animato;VDetN;V det_def N;fare;30;fare il cattivo
causa;astratto;non_animato;VN;VN;essere;159;essere causa
causa;astratto;non_animato;VN;VN;fare;94;fare causa
causa;astratto;non_animato;VDetN;V det_indef N;fare;20;fare una causa
cavaliere;concreto;umano;VDetN;V det_def N;fare;5;fare il cavaliere
cavallo;;;VPrepN;V a N;andare;73;andare a cavallo
cavallo;concreto;animato;VPrepN;V a N;essere;51;essere a cavallo
cena;;;VPrepN;V a N;andare;130;andare a cena
cena;concreto;non_animato;VPrepN;V a N;essere;59;essere a cena
cena;concreto;non_animato;VDetN;V det_indef N;fare;14;fare una cena
centro;concreto;non_animato;VN;VN;fare;17;fare centro
cerimonia;concreto;non_animato;VDetN;V det_indef N;fare;5;fare una cerimonia
cima;concreto;non_animato;VPrepN;V in N;mettere;17;mettere in cima
cinema;;;VPrepN;V a N;andare;5;andare a cinema
cinema;astratto;non_animato;VN;VN;fare;92;fare cinema
coda;concreto;non_animato;VPrepN;V in N;mettere;66;mettere in coda
cognome;astratto;non_animato;VDetN;V det_def N;avere;23;avere il cognome
cognome;astratto;non_animato;VDetN;V det_def N;dare;16;dare il cognome
cognome;astratto;non_animato;VDetN;V det_def N;prendere;8;prendere il cognome
colazione;astratto;non_animato;VN;VN;fare;80;fare colazione
colore;concreto;non_animato;VN;VN;avere;5;avere colore
colore;concreto;non_animato;V(Det)N;V (det_indef) N;dare;44;dare (un) colore
colore;concreto;non_animato;VN;-;prendere;6;prendere colore
colpa;astratto;non_animato;VDetN;V det_def N;avere;30;avere la colpa
colpa;astratto;non_animato;VDetN;V det_def N;dare;418;dare (la/una) colpa
colpa;astratto;non_animato;VDetN;V det_indef N;fare;37;fare una colpa
colpo;;;VPrepN;V a N;andare;16;andare a colpo
colpo;concreto;non_animato;VDetN;V det_indef N;dare;119;dare un colpo
colpo;concreto;non_animato;VN;VN;fare;76;fare colpo
colpo;concreto;non_animato;VDetN;V det_indef N;fare;29;fare un colpo
comando;astratto;non_animato;VDetN;V det_def N;avere;275;avere il comando
comando;astratto;non_animato;VDetN;V det_def/indef N;dare;101;dare il/un comando
comando;astratto;non_animato;VPrepN;V a N;essere;8;essere a comando
commercio;astratto;non_animato;VPrepN;V in N;avere;9;avere in commercio
commercio;astratto;non_animato;VPrepN;V in N;mettere;605;mettere in commercio
compagnia;astratto;non_animato;VN;VN;avere;6;avere compagnia
compagnia;astratto;non_animato;VN;VN;fare;43;fare compagnia
compagnia;astratto;non_animato;VDetN;V det_def N;fare;7;fare la compagnia
compenso;astratto;non_animato;VPrepN;V in N;avere;14;avere in compenso
compito;astratto;non_animato;VDetN;V det_def N;avere;2533;avere il compito
compito;astratto;non_animato;VDetN;V det_def N;dare;98;dare il compito
compito;astratto;non_animato;VN;VN;essere;7;essere compito
complimento;astratto;non_animato;VDetN;V det_def N;fare;255;fare il complimento
complimento;astratto;non_animato;VDetN;V det_indef N;fare;23;fare un complimento
comune;astratto;non_animato;VPrepN;V in N;avere;27;avere in comune
comune;astratto;non_animato;VPrepN;V in N;essere;11;essere in comune
comunicazione;astratto;non_animato;VN;VN;dare;11;dare comunicazione
comunicazione;astratto;non_animato;VN;VN;fare;13;fare comunicazione
comunicazione;astratto;non_animato;VDetN;V det_def N;fare;6;fare la comunicazione
comunicazione;astratto;non_animato;VPrepN;V in N;mettere;665;mettere in comunicazione
comunista;concreto;umano;VDetN;V det_def N;fare;8;fare il comunista
condizione;astratto;non_animato;VDetN;V det_indef N;dare;6;dare una condizione
condizione;astratto;non_animato;VPrepN;V in N;mettere;235;mettere in condizione
confessione;astratto;non_animato;VDetN;V det_indef N;fare;14;fare una confessione
confine;concreto;non_animato;VPrepN;V da N;fare;71;fare da confine
confronto;astratto;non_animato;VDetN;V det_indef N;fare;147;fare un confronto
confronto;astratto;non_animato;VPrepN;V a N;mettere;657;mettere a confronto
confronto;astratto;non_animato;VPrepN;V in N;mettere;25;mettere in confronto
confusione;;;VPrepN;V in N;andare;18;andare in confusione
confusione;astratto;non_animato;VN;VN;fare;53;fare confusione
confusione;;;VPrepN;V in N;mandare;28;mandare in confusione
confusione;astratto;non_animato;VPrepN;V in N;mettere;9;mettere in confusione
conoscenza;astratto;non_animato;V(Det)N;V (det_def) N;avere;82;avere (la) conoscenza
conoscenza;astratto;non_animato;VPrepN;V a N;essere;1634;essere a conoscenza
conoscenza;astratto;non_animato;V(Det)N;V (det_def) N;fare;603;fare (la) conoscenza
conoscenza;astratto;non_animato;VPrepN;V a N;mettere;102;mettere a conoscenza
conoscenza;astratto;non_animato;VN;-;prendere;24;prendere conoscenza
conseguenza;astratto;non_animato;VDetN;V det_def N;avere;26;avere la conseguenza
conseguenza;astratto;non_animato;VN;VN;essere;18;essere conseguenza
consenso;astratto;non_animato;VN;VN;avere;6;avere consenso
consenso;astratto;non_animato;V(Det)N;V (det_def) N;dare;71;dare (il) consenso
consiglio;astratto;non_animato;VDetN;V det_indef/def N;dare;100;dare un(/il) consiglio
contadino;concreto;umano;VDetN;V det_def N;fare;25;fare il contadino
contadino;concreto;umano;VDetN;V det_def N;fare;6;fare la contadino
contatto;;;VPrepN;V a N;andare;16;andare a contatto
contatto;astratto;non_animato;VN;VN;avere;7;avere contatto
contatto;astratto;non_animato;VPrepN;V in N;essere;396;essere in contatto
contatto;astratto;non_animato;VPrepN;V a N;mettere;85;mettere a contatto
contatto;astratto;non_animato;VPrepN;V in N;mettere;870;mettere in contatto
contatto;astratto;non_animato;VN;-;prendere;96;prendere contatto
conto;astratto;non_animato;VN;VN;dare;48;dare conto
conto;astratto;non_animato;VN;VN;fare;12;fare conto
conto;astratto;non_animato;VDetN;V det_indef N;fare;11;fare un conto
conto;astratto;non_animato;VPrepN;V in N;mettere;201;mettere in conto
conto;astratto;non_animato;VPrepN;V in N;prendere;10;prendere in conto
contratto;concreto;non_animato;VPrepN;V sotto N;essere;158;essere sotto contratto
contratto;concreto;non_animato;VDetN;V det_indef N;fare;41;fare un contratto
contratto;concreto;non_animato;VPrepN;V sotto N;mettere;760;mettere sotto contratto
coraggio;astratto;non_animato;V(Det)N;V (det_def) N;avere;1609;avere (il) coraggio
coraggio;astratto;non_animato;V(Det)N;V (det_def) N;dare;23;dare (il) coraggio
coraggio;astratto;non_animato;V(Det)N;V (det_def) N;prendere;20;prendere (il) coraggio
corda;concreto;non_animato;VDetN;V det_def N;mettere;5;mettere la corda
corno;concreto;non_animato;VDetN;V det_def N;fare;33;fare la corno
corno;concreto;non_animato;VDetN;V det_def N;mettere;7;mettere la corno
corpo;;;VPrepN;V di N;andare;17;andare di corpo
corpo;concreto;non_animato;VPrepN;V in N;avere;30;avere in corpo
corpo;concreto;non_animato;VN;VN;dare;76;dare corpo
corpo;concreto;non_animato;VN;-;prendere;49;prendere corpo
corrente;astratto;non_animato;VPrepN;V a N;essere;17;essere a corrente
corsa;astratto;non_animato;VPrepN;V in N;essere;66;essere in corsa
corsa;astratto;non_animato;VDetN;V det_def N;fare;13;fare la corsa
corsa;astratto;non_animato;VDetN;V det_indef N;fare;45;fare una corsa
corso;astratto;non_animato;VN;VN;dare;40;dare corso
corso;astratto;non_animato;VPrepN;V in N;essere;2277;essere in corso
corso;astratto;non_animato;VDetN;V det_indef N;fare;65;fare un corso
corte;concreto;non_animato;VDetN;V det_def N;fare;113;fare la(/una) corte
coscienza;astratto;non_animato;VN;VN;avere;20;avere coscienza
coscienza;astratto;non_animato;VDetN;V det_def N;avere;58;avere la coscienza
coscienza;astratto;non_animato;VN;-;prendere;203;prendere coscienza
costo;astratto;non_animato;VDetN;V det_def N;avere;22;avere il costo
costo;astratto;non_animato;VPrepN;V a N;essere;16;essere a costo
costruzione;astratto;non_animato;VPrepN;V in N;essere;325;essere in costruzione
cretino;concreto;non_animato;VDetN;V det_def N;fare;15;fare il cretino
cretino;concreto;non_animato;VDetN;V det_def N;fare;6;fare la cretino
crisi;;;VPrepN;V in N;andare;174;andare in crisi
crisi;astratto;non_animato;VPrepN;V in N;essere;410;essere in crisi
crisi;;;VPrepN;V in N;mandare;52;mandare in crisi
crisi;astratto;non_animato;VPrepN;V in N;mettere;603;mettere in crisi
croce;concreto;non_animato;VPrepN;V in N;mettere;52;mettere in croce
croce;concreto;non_animato;VDetN;V det_indef N;mettere;13;mettere una croce
cuore;concreto;non_animato;VPrepN;V a N;avere;301;avere a cuore
cuore;concreto;non_animato;VDetN;V det_def N;dare;7;dare il cuore
cuore;concreto;non_animato;VDetN;V det_def N;mettere;66;mettere il cuore
cuore;concreto;non_animato;VPrepN;V a N;prendere;137;prendere a cuore
cura;;;VPrepN;V in N;andare;5;andare in cura
cura;astratto;non_animato;VN;VN;avere;42;avere cura
cura;astratto;non_animato;VPrepN;V in N;avere;105;avere in cura
cura;astratto;non_animato;VPrepN;V in N;essere;71;essere in cura
cura;astratto;non_animato;VPrepN;V sotto N;essere;6;essere sotto cura
cura;astratto;non_animato;VPrepN;V in N;mettere;7;mettere in cura
cura;astratto;non_animato;VN;-;prendere;33;prendere cura
cura;astratto;non_animato;VPrepN;V in N;prendere;44;prendere in cura
curiosità;astratto;non_animato;VDetN;V det_def N;avere;16;avere la curiosità
curva;concreto;non_animato;VDetN;V det_indef/def N;fare;38;fare una(/la) curva
custode;concreto;umano;VDetN;V det_def N;fare;7;fare il custode
danno;;;VPrepN;V a N;andare;12;andare a danno
danno;astratto;non_animato;V(Det)N;V (det_indef/def) N;fare;55;fare (un/il) danno
debito;astratto;non_animato;VDetN;V det_def N;avere;5;avere il debito
debito;astratto;non_animato;VPrepN;V in N;essere;54;essere in debito
decisione;astratto;non_animato;VDetN;V det_indef N;fare;5;fare una decisione
decisione;astratto;non_animato;VDetN;V det_indef/def N;prendere;314;prendere una(/la) decisione
denaro;concreto;non_animato;VN;VN;fare;5;fare denaro
desiderio;astratto;non_animato;VDetN;V det_def/indef N;avere;72;avere il(/un) desiderio
destino;astratto;non_animato;VDetN;V det_def N;avere;11;avere il destino
diavolo;concreto;animato;VDetN;V det_def N;fare;17;fare il diavolo
difesa;astratto;non_animato;VPrepN;V a N;mettere;6;mettere a difesa
difetto;astratto;non_animato;VDetN;V det_def N;avere;102;avere il difetto
difetto;astratto;non_animato;VPrepN;V in N;essere;12;essere in difetto
differenza;astratto;non_animato;VN;VN;fare;8;fare differenza
differenza;astratto;non_animato;VDetN;V det_def N;fare;620;fare la differenza
difficoltà;;;VPrepN;V in N;andare;12;andare in difficoltà
difficoltà;astratto;non_animato;V(Det)N;V (det_def) N;avere;65;avere (la) difficoltà
difficoltà;astratto;non_animato;VPrepN;V in N;essere;288;essere in difficoltà
difficoltà;astratto;non_animato;VPrepN;V in N;mettere;701;mettere in difficoltà
dimensione;astratto;non_animato;V(Det)N;V (det_def) N;avere;206;avere (la) dimensione
direttore;concreto;umano;VN;VN;essere;17;essere direttore
direttore;concreto;umano;VDetN;V det_def N;fare;32;fare il direttore
direzione;astratto;non_animato;VDetN;V det_def/indef N;avere;77;avere la/una direzione
direzione;astratto;non_animato;VDetN;V det_indef N;dare;14;dare una direzione
direzione;astratto;non_animato;VDetN;V det_indef/def N;prendere;27;prendere una/la direzione
diritto;astratto;non_animato;V(Det)N;V (det_def) N;avere;1923;avere (il) diritto
diritto;astratto;non_animato;V(Det)N;V (det_def) N;dare;105;dare (il) diritto
disco;concreto;non_animato;VDetN;V det_indef N;fare;72;fare un disco
discorso;astratto;non_animato;VDetN;V det_indef/def N;fare;228;fare un/il discorso
disegno;concreto;non_animato;VDetN;V det_indef N;fare;25;fare un disegno
disgrazia;astratto;non_animato;VDetN;V det_def N;avere;13;avere la disgrazia
disgrazia;astratto;non_animato;VPrepN;V in N;essere;5;essere in disgrazia
disordine;astratto;non_animato;VPrepN;V in N;essere;13;essere in disordine
disordine;astratto;non_animato;VPrepN;V in N;mettere;6;mettere in disordine
disposizione;astratto;non_animato;VPrepN;V a N;avere;3044;avere a disposizione
disposizione;astratto;non_animato;VDetN;V det_def N;avere;8;avere la disposizione
disposizione;astratto;non_animato;VPrepN;V a N;dare;6;dare a disposizione
disposizione;astratto;non_animato;VPrepN;V a N;mettere;5887;mettere a disposizione
distanza;astratto;non_animato;VDetN;V det_def/indef N;avere;47;avere la/una distanza
distanza;astratto;non_animato;VN;-;prendere;8;prendere distanza
disturbo;astratto;non_animato;VPrepN;V di N;essere;8;essere di disturbo
divisione;astratto;non_animato;VDetN;V det_def N;fare;11;fare la divisione
dolore;astratto;non_animato;VDetN;V det_def N;avere;12;avere il dolore
dolore;astratto;non_animato;VDetN;V det_indef N;dare;6;dare un dolore
domanda;astratto;non_animato;VN;VN;fare;60;fare domanda
domanda;astratto;non_animato;V(Det)N;V (det_indef/def) N;fare;294;fare (una/la) domanda
donna;;;VPrepN;V a N;andare;8;andare a donna
donna;concreto;umano;VN;VN;essere;102;essere donna
dote;;;VPrepN;V in N;andare;6;andare in dote
dote;astratto;non_animato;VPrepN;V in N;avere;33;avere in dote
dote;astratto;non_animato;VDetN;V det_def N;avere;43;avere la dote
dote;astratto;non_animato;VPrepN;V in N;dare;21;dare in dote
dottore;concreto;umano;VDetN;V det_def N;fare;12;fare il dottore
dovere;astratto;non_animato;VDetN;V det_def N;avere;480;avere il dovere
dubbio;astratto;non_animato;VDetN;V det_indef/def N;avere;70;avere un/il dubbio
dubbio;astratto;non_animato;VPrepN;V in N;essere;53;essere in dubbio
dubbio;astratto;non_animato;VPrepN;V in N;mettere;1172;mettere in dubbio
educazione;astratto;non_animato;VDetN;V det_indef N;dare;5;dare una educazione
effetto;astratto;non_animato;VN;VN;avere;57;avere effetto
effetto;astratto;non_animato;VDetN;V det_indef/def N;avere;728;avere un/il effetto
effetto;astratto;non_animato;VDetN;V det_indef/def N;dare;72;dare un/il effetto
effetto;astratto;non_animato;VPrepN;V sotto N;essere;16;essere sotto effetto
effetto;astratto;non_animato;V(Det)N;V (det_indef) N;fare;40;fare (un) effetto
energia;astratto;non_animato;V(Det)N;V (det_indef) N;avere;54;avere (una) energia
energia;astratto;non_animato;VN;VN;dare;44;dare energia
eroe;concreto;umano;VDetN;V det_def N;fare;12;fare il eroe
errore;astratto;non_animato;VPrepN;V in N;essere;37;essere in errore
errore;astratto;non_animato;VDetN;V det_indef N;fare;110;fare un errore
esame;astratto;non_animato;VDetN;V det_indef/def N;dare;20;dare un/il esame
esame;astratto;non_animato;VPrepN;V sotto N;essere;11;essere sotto esame
esame;astratto;non_animato;VDetN;V det_indef N;fare;66;fare un esame
esame;astratto;non_animato;VPrepN;V sotto N;mettere;14;mettere sotto esame
esame;astratto;non_animato;VPrepN;V in N;prendere;738;prendere in esame
esempio;astratto;non_animato;VDetN;V det_indef N;dare;71;dare un esempio
esempio;astratto;non_animato;VPrepN;V da N;fare;11;fare da esempio
esempio;astratto;non_animato;VDetN;V det_indef N;fare;1001;fare un esempio
esempio;astratto;non_animato;VPrepN;V a N;prendere;15;prendere a esempio
esempio;astratto;non_animato;VPrepN;V da N;prendere;27;prendere da esempio
esempio;astratto;non_animato;VN;-;prendere;45;prendere esempio
esempio;astratto;non_animato;VPrepN;V in N;prendere;14;prendere in esempio
esilio;;;VPrepN;V in N;andare;313;andare in esilio
esilio;astratto;non_animato;VPrepN;V in N;essere;83;essere in esilio
esilio;;;VPrepN;V in N;mandare;182;mandare in esilio
esperienza;astratto;non_animato;VN;VN;avere;19;avere esperienza
esperienza;astratto;non_animato;VDetN;V det_indef N;avere;20;avere una esperienza
esperienza;astratto;non_animato;VN;VN;fare;207;fare esperienza
esposizione;astratto;non_animato;VPrepN;V in N;essere;35;essere in esposizione
esposizione;astratto;non_animato;VPrepN;V in N;mettere;15;mettere in esposizione
espressione;astratto;non_animato;VN;VN;dare;18;dare espressione
faccia;concreto;non_animato;VDetN;V det_def N;mettere;90;mettere la faccia
falso;concreto;non_animato;VDetN;V det_indef N;fare;5;fare un falso
fame;astratto;non_animato;VN;VN;avere;12;avere fame
fame;astratto;non_animato;VDetN;V det_def N;fare;43;fare la fame
famiglia;concreto;umano;VDetN;V det_indef N;dare;18;dare una famiglia
famiglia;concreto;umano;VDetN;V det_indef/def N;fare;38;fare una/la famiglia
fascista;concreto;umano;VDetN;V det_def N;fare;5;fare il fascista
fastidio;astratto;non_animato;VN;VN;dare;94;dare fastidio
fatica;astratto;non_animato;V(Det)N;V (det_def/indef) N;fare;52;fare (la/una) fatica
favore;;;VPrepN;V a N;andare;70;andare a favore
favore;astratto;non_animato;VDetN;V det_def N;avere;28;avere il favore
favore;astratto;non_animato;VPrepN;V a N;essere;404;essere a favore
favore;astratto;non_animato;VPrepN;V in N;essere;35;essere in favore
favore;astratto;non_animato;VDetN;V det_indef/def N;fare;204;fare un/il favore
fede;astratto;non_animato;VN;VN;avere;48;avere (la) fede
fede;astratto;non_animato;VDetN;V det_def N;dare;5;dare la fede
fede;astratto;non_animato;VN;VN;fare;5;fare fede
felicità;astratto;non_animato;VDetN;V det_def N;avere;5;avere la felicità
felicità;astratto;non_animato;VDetN;V det_def N;dare;17;dare la felicità
fenomeno;astratto;non_animato;VDetN;V det_def N;fare;15;fare il fenomeno
festa;concreto;non_animato;VPrepN;V in N;essere;34;essere in festa
festa;concreto;non_animato;V(Det)N;V (det_def/indef) N;fare;106;fare (una/la) festa
fianco;concreto;non_animato;VPrepN;V a N;avere;21;avere a fianco
fiato;concreto;non_animato;VN;VN;dare;17;dare fiato
fiato;concreto;non_animato;VN;-;prendere;25;prendere fiato
fiducia;astratto;non_animato;V(Det)N;V (det_def) N;avere;148;avere (la) fiducia
fiducia;astratto;non_animato;V(Det)N;V (det_def) N;dare;85;dare (la) fiducia
fiducia;astratto;non_animato;VDetN;V det_def N;mettere;5;mettere la fiducia
figlia;astratto;non_animato;VDetN;V det_indef N;dare;48;dare una figlia
figlia;astratto;non_animato;VN;VN;essere;50;essere figlia
figlio;concreto;umano;VN;VN;essere;126;essere figlio
figlio;concreto;umano;VDetN;V det_indef N;fare;71;fare un figlio
film;concreto;non_animato;VN;VN;fare;67;fare film
filo;concreto;non_animato;VDetN;V det_def N;fare;14;fare il filo
fine;astratto;non_animato;VN;VN;avere;23;avere fine
fine;astratto;non_animato;VDetN;V det_def N;avere;109;avere il fine
fine;astratto;non_animato;VDetN;V det_def N;fare;212;fare la fine
fine;astratto;non_animato;VN;VN;mettere;496;mettere fine
fiore;concreto;non_animato;VPrepN;V in N;essere;19;essere in fiore
firma;astratto;non_animato;VDetN;V det_indef/def N;mettere;61;mettere una/la firma
fisico;concreto;non_animato;VN;VN;essere;15;essere fisico
fondo;;;VPrepN;V a N;andare;126;andare a fondo
fondo;;;VPrepN;V in N;andare;33;andare in fondo
fondo;concreto;non_animato;VN;VN;dare;16;dare fondo
fondo;;;VPrepN;V a N;mandare;6;mandare a fondo
forma;astratto;non_animato;VN;VN;avere;44;avere forma
forma;astratto;non_animato;VDetN;V det_def N;avere;906;avere la forma
forma;astratto;non_animato;VN;VN;dare;157;dare forma
forma;astratto;non_animato;VDetN;V det_indef/def N;dare;202;dare una/la forma
forma;astratto;non_animato;VPrepN;V in N;essere;272;essere in forma
forma;astratto;non_animato;VPrepN;V in N;mettere;26;mettere in forma
forma;astratto;non_animato;VN;-;prendere;170;prendere forma
forma;astratto;non_animato;VDetN;V det_indef/def N;prendere;54;prendere una/la forma
fortuna;astratto;non_animato;V(Det)N;V (det_def) N;avere;767;avere (la) fortuna
fortuna;astratto;non_animato;VN;VN;fare;28;fare fortuna
forza;astratto;non_animato;VN;VN;avere;20;avere forza
forza;astratto;non_animato;V(Det)N;V (det_def/indef) N;dare;175;dare (la/una) forza
forza;astratto;non_animato;VPrepN;V in N;essere;72;essere in forza
forza;astratto;non_animato;VN;VN;fare;16;fare forza
fotografia;concreto;non_animato;VN;VN;fare;7;fare fotografia
fotografia;concreto;non_animato;VDetN;V det_indef/def N;fare;19;fare una/la fotografia
francese;concreto;non_animato;VDetN;V det_def N;fare;5;fare il francese
fratello;concreto;umano;VN;VN;essere;20;essere fratello
fretta;;;VPrepN;V di N;andare;35;andare di fretta
fretta;astratto;non_animato;VN;VN;avere;32;avere fretta
fretta;astratto;non_animato;VPrepN;V di N;essere;9;essere di fretta
fretta;astratto;non_animato;VPrepN;V di N;fare;6;fare di fretta
fronte;astratto;non_animato;VN;VN;fare;237;fare fronte
frutto;concreto;non_animato;VDetN;V det_def N;dare;51;dare il frutto
frutto;concreto;non_animato;VN;VN;essere;72;essere frutto
frutto;concreto;non_animato;VPrepN;V a N;mettere;308;mettere a frutto
fuga;;;VPrepN;V in N;andare;48;andare in fuga
fuga;astratto;non_animato;VPrepN;V in N;essere;80;essere in fuga
fuga;astratto;non_animato;VPrepN;V in N;mettere;609;mettere in fuga
fumo;;;VPrepN;V in N;andare;177;andare in fumo
fumo;concreto;non_animato;VN;VN;fare;5;fare fumo
fumo;;;VPrepN;V in N;mandare;55;mandare in fumo
funerale;astratto;non_animato;VDetN;V det_def N;fare;11;fare il funerale
funzione;astratto;non_animato;VDetN;V det_def N;avere;955;avere la funzione
funzione;astratto;non_animato;VPrepN;V in N;essere;413;essere in funzione
funzione;astratto;non_animato;VPrepN;V in N;mettere;177;mettere in funzione
fuoco;;;VPrepN;V a N;andare;133;andare a fuoco
fuoco;concreto;non_animato;VPrepN;V a N;dare;10;dare a fuoco
fuoco;concreto;non_animato;VN;VN;dare;85;dare fuoco
fuoco;concreto;non_animato;VPrepN;V a N;essere;8;essere a fuoco
fuoco;concreto;non_animato;VN;VN;fare;89;fare fuoco
fuoco;;;VPrepN;V a N;mandare;10;mandare a fuoco
fuoco;concreto;non_animato;VPrepN;V a N;mettere;408;mettere a fuoco
fuoco;concreto;non_animato;VN;-;prendere;60;prendere fuoco
gamba;concreto;non_animato;VPrepN;V in N;essere;24;essere in gamba
gamba;concreto;non_animato;VPrepN;V sotto N;prendere;8;prendere sotto gamba
gara;astratto;non_animato;VPrepN;V in N;essere;102;essere in gara
gara;astratto;non_animato;VPrepN;V a N;fare;234;fare a gara
gara;astratto;non_animato;VDetN;V det_indef N;fare;46;fare una gara
gara;astratto;non_animato;VPrepN;V in N;mettere;18;mettere in gara
gas;concreto;non_animato;VN;VN;dare;23;dare gas
gatto;concreto;animato;VDetN;V det_def N;fare;8;fare il gatto
generale;concreto;non_animato;VDetN;V det_def N;fare;5;fare il generale
genitore;concreto;umano;VN;VN;essere;10;essere genitore
genitore;concreto;umano;VPrepN;V da N;fare;6;fare da genitore
genitore;concreto;umano;VDetN;V det_def N;fare;18;fare il genitore
gesto;astratto;non_animato;VDetN;V det_def N;fare;48;fare il gesto
ginocchio;concreto;non_animato;VPrepN;V in N;essere;71;essere in ginocchio
ginocchio;concreto;non_animato;VPrepN;V in N;mettere;338;mettere in ginocchio
gioco;astratto;non_animato;VDetN;V det_def N;fare;179;fare il gioco
gioco;astratto;non_animato;VPrepN;V in N;mettere;586;mettere in gioco
gioia;astratto;non_animato;VDetN;V det_def N;avere;30;avere la gioia
gioia;astratto;non_animato;V(Det)N;V (det_def/indef) N;dare;15;dare (la/una) gioia
giovane;astratto;non_animato;VDetN;V det_def N;fare;23;fare il giovane
giro;;;VPrepN;V a N;andare;10;andare a giro
giro;;;VPrepN;V in N;andare;966;andare in giro
giro;astratto;non_animato;VDetN;V det_def N;fare;624;fare il giro
giro;astratto;non_animato;VDetN;V det_indef N;fare;712;fare un giro
giro;astratto;non_animato;VPrepN;V in N;mettere;136;mettere in giro
giro;astratto;non_animato;VPrepN;V in N;prendere;2022;prendere in giro
giudizio;;;VPrepN;V in N;andare;6;andare in giudizio
giudizio;astratto;non_animato;VDetN;V det_def N;dare;8;dare il giudizio
giudizio;astratto;non_animato;VDetN;V det_indef N;dare;216;dare un giudizio
giustizia;astratto;non_animato;VN;VN;dare;9;dare giustizia
giustizia;astratto;non_animato;VN;VN;fare;86;fare giustizia
gloria;astratto;non_animato;VPrepN;V in N;avere;6;avere in gloria
gloria;astratto;non_animato;VN;VN;dare;10;dare gloria
gola;concreto;non_animato;VN;VN;fare;11;fare gola
grado;astratto;non_animato;VPrepN;V in N;mettere;134;mettere in grado
grazia;astratto;non_animato;VDetN;V det_def N;avere;14;avere la grazia
grazia;astratto;non_animato;VDetN;V det_def N;dare;14;dare la grazia
grazia;astratto;non_animato;VDetN;V det_def N;fare;8;fare la grazia
gruppo;concreto;non_animato;VN;VN;fare;30;fare gruppo
guaio;astratto;non_animato;VPrepN;V in N;mettere;10;mettere in guaio
guardia;astratto;non_animato;VPrepN;V a N;essere;25;essere a guardia
guardia;astratto;non_animato;VPrepN;V di N;essere;20;essere di guardia
guardia;astratto;non_animato;VPrepN;V da N;fare;51;fare da guardia
guardia;astratto;non_animato;VDetN;V det_def N;fare;157;fare la guardia
guardia;astratto;non_animato;VPrepN;V a N;mettere;15;mettere a guardia
guardia;astratto;non_animato;VPrepN;V di N;mettere;7;mettere di guardia
guardia;astratto;non_animato;VPrepN;V in N;mettere;833;mettere in guardia
guerra;;;VPrepN;V in N;andare;150;andare in guerra
guerra;concreto;non_animato;V(Det)N;V (det_def) N;fare;408;fare (la) guerra
guerra;concreto;non_animato;VDetN;V det_indef N;fare;45;fare una guerra
guerra;;;VPrepN;V in N;mandare;20;mandare in guerra
guida;astratto;non_animato;VDetN;V det_def N;avere;20;avere la guida
guida;astratto;non_animato;VPrepN;V da N;fare;139;fare da guida
gusto;astratto;non_animato;VDetN;V det_def N;avere;31;avere il gusto
gusto;astratto;non_animato;VDetN;V det_def N;dare;6;dare il gusto
idea;astratto;non_animato;VN;VN;avere;34;avere idea
idea;astratto;non_animato;VDetN;V det_def N;avere;208;avere la idea
idea;astratto;non_animato;VDetN;V det_indef N;avere;57;avere una idea
impegno;astratto;non_animato;VDetN;V det_indef N;avere;42;avere un impegno
impegno;astratto;non_animato;VDetN;V det_indef N;prendere;12;prendere un impegno
importanza;astratto;non_animato;VN;VN;avere;22;avere importanza
importanza;astratto;non_animato;VN;VN;dare;53;dare importanza
importanza;astratto;non_animato;VPrepN;V di N;essere;125;essere di importanza
impresa;astratto;non_animato;VN;VN;fare;21;fare impresa
impressione;astratto;non_animato;VDetN;V det_indef N;dare;5;dare una impressione
impressione;astratto;non_animato;VN;VN;fare;9;fare impressione
incidente;astratto;non_animato;VDetN;V det_indef N;avere;370;avere un incidente
incidente;astratto;non_animato;VDetN;V det_indef N;fare;48;fare un incidente
incontro;astratto;non_animato;VDetN;V det_indef N;avere;184;avere un incontro
informazione;astratto;non_animato;V(Det)N;V (det_def) N;dare;24;dare (la) informazione
informazione;astratto;non_animato;VN;VN;fare;112;fare informazione
inglese;concreto;non_animato;VDetN;V det_def N;fare;11;fare il inglese
ingresso;astratto;non_animato;VPrepN;V da N;fare;17;fare da ingresso
ingresso;astratto;non_animato;VN;VN;fare;17;fare ingresso
ingresso;astratto;non_animato;VPrepN;V in N;prendere;11;prendere in ingresso
inizio;astratto;non_animato;VN;VN;avere;83;avere inizio
inizio;astratto;non_animato;VN;VN;dare;315;dare inizio
intenzione;astratto;non_animato;VN;VN;avere;79;avere intenzione
interesse;astratto;non_animato;V(Det)N;V (det_indef) N;avere;182;avere (un) interesse
interesse;astratto;non_animato;VPrepN;V di N;essere;109;essere di interesse
invito;astratto;non_animato;VDetN;V det_indef N;fare;5;fare un invito
italiano;astratto;non_animato;VDetN;V det_def N;fare;21;fare il italiano
lacrima;;;VPrepN;V in N;andare;8;andare in lacrima
ladro;concreto;umano;VDetN;V det_def N;fare;24;fare il ladro
largo;concreto;non_animato;VN;VN;fare;22;fare largo
latino;concreto;non_animato;VPrepN;V in N;mettere;7;mettere in latino
lavoro;astratto;non_animato;VN;VN;dare;66;dare lavoro
lavoro;astratto;non_animato;VDetN;V det_def N;fare;233;fare (il) lavoro
lavoro;astratto;non_animato;VPrepN;V a N;mettere;18;mettere a lavoro
legge;astratto;non_animato;VDetN;V det_indef N;fare;116;fare una legge
letto;concreto;non_animato;VPrepN;V a N;mettere;75;mettere a letto
lezione;;;VPrepN;V a N;andare;38;andare a lezione
lezione;astratto;non_animato;VDetN;V det_indef N;dare;166;dare (una) lezione
lezione;astratto;non_animato;V(Det)N;V (det_indef) N;fare;53;fare (una) lezione
libertà;astratto;non_animato;V(Det)N;V (det_def) N;avere;106;avere (la) libertà
libertà;astratto;non_animato;V(Det)N;V (det_def) N;dare;59;dare (la) libertà
libertà;astratto;non_animato;VPrepN;V in N;mettere;62;mettere in libertà
limite;astratto;non_animato;VDetN;V det_def N;avere;30;avere il limite
limite;astratto;non_animato;VDetN;V det_indef N;avere;126;avere un limite
limite;astratto;non_animato;VDetN;V det_def N;dare;7;dare il limite
limite;astratto;non_animato;VDetN;V det_indef N;dare;10;dare un limite
limite;astratto;non_animato;VDetN;V det_indef/def N;mettere;33;mettere un/il limite
linea;concreto;non_animato;VPrepN;V in N;mettere;66;mettere in linea
lista;concreto;non_animato;VPrepN;V in N;mettere;61;mettere in lista
lotta;astratto;non_animato;VPrepN;V in N;essere;119;essere in lotta
lotta;astratto;non_animato;VDetN;V det_indef/def N;fare;33;fare una/la lotta
luce;concreto;non_animato;V(Det)N;V (det_def) N;dare;78;dare (la) luce
luce;concreto;non_animato;VN;VN;fare;151;fare luce
luce;concreto;non_animato;VPrepN;V in N;mettere;2318;mettere in luce
luogo;concreto;non_animato;VN;VN;avere;166;avere luogo
luogo;concreto;non_animato;VN;VN;dare;178;dare luogo
madre;concreto;umano;VN;VN;essere;47;essere madre
madre;concreto;umano;VPrepN;V da N;fare;24;fare da madre
maestro;concreto;umano;VN;VN;essere;7;essere maestro
maestro;concreto;umano;VPrepN;V da N;fare;28;fare da maestro
maestro;concreto;umano;VDetN;V det_def N;fare;33;fare il maestro
malattia;astratto;non_animato;VDetN;V det_def N;avere;14;avere la malattia
male;;;VPrepN;V a N;andare;68;andare a male
male;astratto;non_animato;VPrepN;V a N;avere;14;avere a male
male;astratto;non_animato;V(Det)N;V (det_indef) N;avere;14;avere (un) male
male;astratto;non_animato;V(Det)N;V (det_indef) N;fare;53;fare (un) male
mamma;concreto;umano;VN;VN;essere;20;essere mamma
mamma;concreto;umano;VPrepN;V da N;fare;14;fare da mamma
mano;concreto;non_animato;VPrepN;V in N;avere;704;avere in mano
mano;concreto;non_animato;VDetN;V det_indef N;dare;801;dare una mano
mano;concreto;non_animato;VPrepN;V in N;mettere;118;mettere in mano
mano;concreto;non_animato;VN;VN;mettere;169;mettere mano
mano;concreto;non_animato;VPrepN;V in N;prendere;658;prendere in mano
marcia;astratto;non_animato;VPrepN;V in N;essere;55;essere in marcia
marcia;astratto;non_animato;VDetN;V det_indef N;fare;5;fare una marcia
marcia;astratto;non_animato;VPrepN;V in N;mettere;208;mettere in marcia
mare;concreto;non_animato;VPrepN;V a N;mettere;6;mettere a mare
marito;concreto;umano;VN;VN;essere;10;essere marito
marito;concreto;umano;VN;-;prendere;8;prendere marito
massa;concreto;non_animato;VN;VN;avere;7;avere massa
massa;concreto;non_animato;VN;VN;fare;8;fare massa
matto;astratto;non_animato;VPrepN;V di N;dare;53;dare di matto
matto;astratto;non_animato;VDetN;V det_def N;dare;5;dare il matto
matto;astratto;non_animato;VPrepN;V per N;prendere;19;prendere per matto
medico;concreto;umano;VN;VN;essere;6;essere medico
medico;concreto;umano;VDetN;V det_def N;fare;74;fare il medico
membro;astratto;non_animato;VN;VN;essere;99;essere membro
memoria;astratto;non_animato;VN;VN;avere;8;avere memoria
mente;astratto;non_animato;VPrepN;V a N;avere;17;avere a mente
mente;astratto;non_animato;VPrepN;V in N;avere;877;avere in mente
mente;astratto;non_animato;VPrepN;V in N;mettere;7;mettere in mente
mercato;concreto;non_animato;VN;VN;avere;5;avere mercato
merito;astratto;non_animato;VDetN;V det_def/indef N;avere;526;avere il/un merito
merito;astratto;non_animato;V(Det)N;V (det_def) N;dare;48;dare (il) merito
mestiere;astratto;non_animato;VDetN;V det_def N;fare;38;fare il mestiere
militare;astratto;non_animato;VN;VN;essere;6;essere militare
militare;astratto;non_animato;VDetN;V det_def N;fare;46;fare il militare
ministro;concreto;umano;VN;VN;essere;8;essere ministro
ministro;concreto;umano;VDetN;V det_def N;fare;45;fare il ministro
miracolo;astratto;non_animato;VDetN;V det_def N;fare;48;fare il miracolo
miseria;astratto;non_animato;VPrepN;V in N;essere;5;essere in miseria
modello;astratto;non_animato;VPrepN;V a N;avere;5;avere a modello
modello;astratto;non_animato;VN;VN;essere;7;essere modello
modello;astratto;non_animato;VPrepN;V da N;fare;89;fare da modello
modello;astratto;non_animato;VPrepN;V a N;prendere;256;prendere a modello
modo;astratto;non_animato;V(Det)N;V (det_def) N;dare;79;dare (il) modo
modo;astratto;non_animato;VPrepN;V in N;fare;2952;fare in modo
moglie;;;VPrepN;V in N;andare;17;andare in moglie
moglie;concreto;umano;VPrepN;V in N;avere;19;avere in moglie
moglie;concreto;umano;VPrepN;V in N;dare;175;dare in moglie
moglie;concreto;umano;VN;VN;essere;14;essere moglie
moglie;concreto;umano;VDetN;V det_def N;fare;8;fare la moglie
moglie;concreto;umano;VPrepN;V in N;prendere;144;prendere in moglie
moglie;concreto;umano;VN;-;prendere;27;prendere moglie
moglie;concreto;umano;VPrepN;V per N;prendere;11;prendere per moglie
monte;;;VPrepN;V a N;andare;58;andare a monte
monte;;;VPrepN;V a N;mandare;155;mandare a monte
morte;astratto;non_animato;VDetN;V det_def N;dare;118;dare la morte
morte;astratto;non_animato;VDetN;V det_indef N;dare;5;dare una morte
morte;;;VPrepN;V a N;mandare;87;mandare a morte
morte;astratto;non_animato;VPrepN;V a N;mettere;507;mettere a morte
mostro;concreto;animato;VDetN;V det_def N;fare;5;fare il mostro
motivo;astratto;non_animato;VN;VN;essere;39;essere motivo
moto;;;VPrepN;V in N;andare;98;andare in moto
moto;concreto;non_animato;VN;VN;fare;8;fare moto
moto;concreto;non_animato;VPrepN;V in N;mettere;652;mettere in moto
motocicletta;;;VPrepN;V in N;andare;8;andare in motocicletta
movimento;astratto;non_animato;VN;VN;dare;5;dare movimento
movimento;astratto;non_animato;VPrepN;V in N;essere;120;essere in movimento
movimento;astratto;non_animato;V(Det)N;V (det_def) N;fare;21;fare (il) movimento
movimento;astratto;non_animato;VPrepN;V in N;mettere;122;mettere in movimento
musica;concreto;non_animato;V(Det)N;V (det_def) N;fare;195;fare (la) musica
musica;concreto;non_animato;VPrepN;V in N;mettere;209;mettere in musica
nascita;astratto;non_animato;VDetN;V det_def N;dare;10;dare la nascita
naso;concreto;non_animato;VDetN;V det_def N;mettere;62;mettere il naso
natura;astratto;non_animato;VN;VN;avere;11;avere natura
necessità;astratto;non_animato;V(Det)N;V (det_def/indef) N;avere;339;avere (la/una) necessità
nemico;concreto;non_animato;VN;VN;essere;11;essere nemico
nipote;concreto;umano;VN;VN;essere;10;essere nipote
noia;astratto;non_animato;VPrepN;V a N;avere;6;avere a noia
noia;astratto;non_animato;VN;VN;dare;7;dare noia
nome;astratto;non_animato;V(Det)N;V (det_def) N;avere;525;avere (il) nome
nome;astratto;non_animato;V(Det)N;V (det_def/indef) N;dare;3145;dare (il/un) nome
nome;astratto;non_animato;VDetN;V det_def N;fare;491;fare il nome
nome;astratto;non_animato;VDetN;V det_def N;mettere;41;mettere il nome
nome;astratto;non_animato;VPrepN;V a N;prendere;5;prendere a nome
nome;astratto;non_animato;V(Det)N;V (det_def) N;prendere;81;prendere (il) nome
notizia;astratto;non_animato;VN;VN;avere;13;avere notizia
notizia;astratto;non_animato;V(Det)N;V (det_indef/def) N;dare;360;dare (una/la) notizia
notizia;astratto;non_animato;VN;VN;fare;29;fare notizia
nudo;astratto;non_animato;VPrepN;V a N;mettere;317;mettere a nudo
numero;astratto;non_animato;VDetN;V det_def N;avere;154;avere il numero
numero;astratto;non_animato;VDetN;V det_def N;dare;169;dare il numero
numero;astratto;non_animato;VN;VN;fare;21;fare numero
nuovo;astratto;non_animato;VPrepN;V a N;mettere;7;mettere a nuovo
obbligo;astratto;non_animato;VPrepN;V di N;essere;389;essere di obbligo
obbligo;astratto;non_animato;VPrepN;V in N;essere;5;essere in obbligo
occasione;astratto;non_animato;VN;VN;essere;18;essere occasione
occhiata;astratto;non_animato;VDetN;V det_indef N;dare;60;dare una occhiata
occhio;concreto;non_animato;VDetN;V det_def N;avere;428;avere il occhio
occhio;concreto;non_animato;VDetN;V det_indef N;dare;54;dare un occhio
occhio;concreto;non_animato;VDetN;V det_def N;mettere;129;mettere il occhio
occupazione;astratto;non_animato;VPrepN;V sotto N;essere;15;essere sotto occupazione
odio;astratto;non_animato;VPrepN;V in N;avere;35;avere in odio
odio;astratto;non_animato;VDetN;V det_indef N;avere;10;avere un odio
odio;astratto;non_animato;VPrepN;V in N;prendere;11;prendere in odio
odore;astratto;non_animato;VDetN;V det_indef N;avere;70;avere un odore
oggetto;concreto;non_animato;VPrepN;V ad N;avere;260;avere ad oggetto
oggetto;concreto;non_animato;VN;VN;essere;428;essere oggetto
ombra;concreto;non_animato;VN;VN;fare;10;fare ombra
ombra;concreto;non_animato;VPrepN;V in N;mettere;164;mettere in ombra
onda;;;VPrepN;V in N;andare;8193;andare in onda
onda;concreto;non_animato;VPrepN;V in N;essere;317;essere in onda
onda;;;VPrepN;V in N;mandare;2079;mandare in onda
onda;concreto;non_animato;VPrepN;V in N;mettere;464;mettere in onda
onore;astratto;non_animato;VDetN;V det_def N;avere;13;avere il onore
onore;astratto;non_animato;VN;VN;dare;17;dare onore
onore;astratto;non_animato;VDetN;V det_def N;fare;43;fare il onore
onore;astratto;non_animato;VN;VN;fare;9;fare onore
opera;astratto;non_animato;VPrepN;V in N;essere;22;essere in opera
opera;astratto;non_animato;VN;VN;essere;61;essere opera
opera;astratto;non_animato;VPrepN;V in N;mettere;334;mettere in opera
operazione;astratto;non_animato;VDetN;V det_indef N;fare;7;fare una operazione
opinione;astratto;non_animato;VDetN;V det_indef N;avere;18;avere una opinione
opinione;astratto;non_animato;VPrepN;V di N;essere;11;essere di opinione
ordine;astratto;non_animato;V(Det)N;V (det_indef/def) N;dare;116;dare (un/il) ordine
ordine;astratto;non_animato;VPrepN;V in N;essere;163;essere in ordine
ordine;astratto;non_animato;V(Det)N;V (det_indef) N;fare;42;fare (un) ordine
ordine;astratto;non_animato;VPrepN;V in N;mettere;89;mettere in ordine
ordine;astratto;non_animato;VN;VN;mettere;128;mettere ordine
orrore;astratto;non_animato;VPrepN;V in N;avere;10;avere in orrore
ospite;;;VN;VN;andare;12;andare ospite
ospite;concreto;umano;VN;VN;avere;6;avere ospite
ospite;concreto;umano;VN;VN;essere;29;essere ospite
pace;astratto;non_animato;V(Det)N;V (det_def) N;avere;25;avere (la) pace
pace;astratto;non_animato;V(Det)N;V (det_def) N;dare;13;dare (la) pace
pace;astratto;non_animato;VPrepN;V in N;essere;88;essere in pace
pace;astratto;non_animato;VN;VN;fare;96;fare pace
pace;astratto;non_animato;VN;VN;mettere;30;mettere pace
padre;concreto;umano;VN;VN;essere;55;essere padre
padre;concreto;umano;VPrepN;V da N;fare;54;fare da padre
padrone;concreto;umano;VN;VN;essere;12;essere padrone
padrone;concreto;umano;VPrepN;V da N;fare;88;fare da padrone
palla;;;VPrepN;V in N;andare;5;andare in palla
papà;concreto;umano;VPrepN;V da N;fare;5;fare da papà
parente;concreto;umano;VN;VN;essere;9;essere parente
parola;astratto;non_animato;VDetN;V det_def N;dare;143;dare la parola
parola;astratto;non_animato;VN;VN;fare;6;fare parola
parola;astratto;non_animato;VDetN;V det_def N;mettere;6;mettere una parola
parola;astratto;non_animato;VPrepN;V in N;prendere;20;prendere in parola
parola;astratto;non_animato;V(Det)N;V (det_def) N;prendere;97;prendere (la) parola
parte;astratto;non_animato;VPrepN;V da N;avere;41;avere da parte
parte;astratto;non_animato;VN;VN;avere;13;avere parte
parte;astratto;non_animato;VN;VN;essere;304;essere parte
parte;astratto;non_animato;VN;VN;fare;394;fare parte
parte;astratto;non_animato;VDetN;V det_def/indef N;prendere;14;prendere una/la parte
parte;astratto;non_animato;VN;-;prendere;1459;prendere parte
partita;astratto;non_animato;VDetN;V det_indef N;fare;39;fare una partita
partito;astratto;non_animato;VN;-;prendere;12;prendere partito
passaggio;astratto;non_animato;VDetN;V det_indef/def N;dare;111;dare un/il passaggio
passaggio;astratto;non_animato;VPrepN;V di N;essere;44;essere di passaggio
passaggio;astratto;non_animato;VDetN;V det_def N;fare;24;fare il passaggio
passione;astratto;non_animato;VDetN;V det_indef/def N;avere;248;avere una/la passione
passo;astratto;non_animato;VDetN;V det_def N;fare;80;fare il passo
pastore;concreto;umano;VN;VN;essere;5;essere pastore
pastore;concreto;umano;VDetN;V det_def N;fare;24;fare il pastore
patto;astratto;non_animato;VDetN;V det_indef/def N;fare;156;fare un/il patto
paura;astratto;non_animato;V(Det)N;V (det_def) N;avere;244;avere (la) paura
paura;astratto;non_animato;VDetN;V det_indef N;avere;36;avere una paura
paura;astratto;non_animato;VN;VN;fare;31;fare paura
paura;astratto;non_animato;VN;VN;mettere;10;mettere paura
pazienza;astratto;non_animato;V(Det)N;V (det_def) N;avere;159;avere (la) pazienza
pazzo;astratto;non_animato;VDetN;V det_def N;fare;11;fare il pazzo
pelo;concreto;non_animato;VDetN;V det_def N;fare;7;fare il pelo
pena;astratto;non_animato;VDetN;V det_def N;avere;9;avere la pena
pena;astratto;non_animato;VDetN;V det_def N;dare;17;dare la pena
pena;astratto;non_animato;VPrepN;V in N;essere;10;essere in pena
pensiero;astratto;non_animato;VDetN;V det_def/indef N;avere;34;avere il/un pensiero
pensiero;astratto;non_animato;VPrepN;V in N;essere;9;essere in pensiero
pensiero;astratto;non_animato;VDetN;V det_indef N;fare;13;fare un pensiero
pensione;;;VPrepN;V in N;andare;575;andare in pensione
pensione;astratto;non_animato;VPrepN;V in N;essere;53;essere in pensione
pensione;;;VPrepN;V in N;mandare;92;mandare in pensione
pensione;astratto;non_animato;VPrepN;V in N;mettere;14;mettere in pensione
perdita;;;VPrepN;V in N;andare;15;andare in perdita
perdita;astratto;non_animato;VDetN;V det_def N;avere;11;avere la perdita
perdita;astratto;non_animato;VDetN;V det_indef N;avere;36;avere una perdita
perdita;astratto;non_animato;VPrepN;V in N;essere;39;essere in perdita
pericolo;astratto;non_animato;VPrepN;V in N;mettere;747;mettere in pericolo
permesso;astratto;non_animato;VDetN;V det_def N;avere;313;avere il permesso
permesso;astratto;non_animato;VDetN;V det_def/indef N;dare;210;dare il/un permesso
peso;astratto;non_animato;VDetN;V det_def N;avere;37;avere il peso
peso;astratto;non_animato;VN;VN;avere;12;avere peso
peso;astratto;non_animato;V(Det)N;V (det_def) N;dare;97;dare (il/un) peso
pezzo;;;VPrepN;V a N;andare;13;andare a pezzo
pezzo;;;VPrepN;V in N;andare;71;andare in pezzo
pezzo;concreto;non_animato;VPrepN;V a N;essere;37;essere a pezzo
pezzo;concreto;non_animato;VPrepN;V in N;essere;6;essere in pezzo
pezzo;concreto;non_animato;VPrepN;V a N;fare;536;fare a pezzo
pezzo;;;VPrepN;V in N;mandare;25;mandare in pezzo
piacere;astratto;non_animato;VDetN;V det_def N;avere;223;avere il piacere
piacere;astratto;non_animato;VDetN;V det_def N;dare;8;dare il piacere
piacere;astratto;non_animato;VN;VN;dare;11;dare piacere
piacere;astratto;non_animato;VDetN;V det_def N;fare;97;fare il piacere
piacere;astratto;non_animato;VN;VN;fare;11;fare piacere
piano;concreto;non_animato;VDetN;V det_def N;fare;11;fare il piano
piazza;concreto;non_animato;VN;VN;fare;33;fare piazza
piede;;;VPrepN;V a N;andare;115;andare a piede
piede;concreto;non_animato;VPrepN;V a N;essere;62;essere a piede
piede;concreto;non_animato;VPrepN;V in N;mettere;751;mettere in piede
piede;concreto;non_animato;VN;VN;mettere;123;mettere piede
piede;concreto;non_animato;VN;-;prendere;195;prendere piede
pietà;astratto;non_animato;VN;VN;avere;32;avere pietà
pittore;concreto;umano;VDetN;V det_def N;fare;19;fare il pittore
poesia;astratto;non_animato;VN;VN;fare;22;fare poesia
poeta;concreto;umano;VN;VN;essere;9;essere poeta
poeta;concreto;umano;VDetN;V det_def N;fare;9;fare il poeta
politica;astratto;non_animato;VN;VN;fare;262;fare politica
politico;astratto;non_animato;VN;VN;essere;5;essere politico
politico;astratto;non_animato;VDetN;V det_def N;fare;37;fare il politico
poliziotto;concreto;umano;VPrepN;V da N;fare;6;fare da poliziotto
poliziotto;concreto;umano;VDetN;V det_def N;fare;37;fare il poliziotto
polvere;concreto;non_animato;VN;-;prendere;15;prendere polvere
ponte;concreto;non_animato;VPrepN;V da N;fare;64;fare da ponte
porto;;;VPrepN;V in N;andare;375;andare in porto
porto;;;VPrepN;V in N;mandare;8;mandare in porto
posizione;astratto;non_animato;VDetN;V det_def N;avere;15;avere la posizione
posizione;astratto;non_animato;VPrepN;V in N;mettere;81;mettere in posizione
posizione;astratto;non_animato;VDetN;V det_indef/def N;prendere;86;prendere una/la posizione
posizione;astratto;non_animato;VN;-;prendere;218;prendere posizione
possibilità;astratto;non_animato;V(Det)N;V (det_def) N;avere;3469;avere (la) possibilità
possibilità;astratto;non_animato;V(Det)N;V (det_indef/def) N;dare;1685;dare (una/la) possibilità
posto;concreto;non_animato;VN;VN;avere;12;avere posto
posto;concreto;non_animato;VN;VN;dare;5;dare posto
posto;concreto;non_animato;VN;VN;fare;160;fare posto
posto;concreto;non_animato;VPrepN;V a N;mettere;185;mettere a posto
posto;concreto;non_animato;VDetN;V det_def N;prendere;424;prendere il posto
posto;concreto;non_animato;VN;-;prendere;65;prendere posto
potere;astratto;non_animato;VN;VN;avere;25;avere potere
potere;astratto;non_animato;VN;VN;dare;11;dare potere
potere;astratto;non_animato;VPrepN;V in N;essere;12;essere in potere
potere;astratto;non_animato;VDetN;V det_def N;prendere;221;prendere il potere
povero;astratto;non_animato;VDetN;V det_def N;fare;10;fare il povero
pranzo;;;VPrepN;V a N;andare;50;andare a pranzo
pranzo;astratto;non_animato;VPrepN;V a N;essere;17;essere a pranzo
pratica;astratto;non_animato;VN;VN;fare;67;fare pratica
pratica;astratto;non_animato;VDetN;V det_indef N;fare;5;fare una pratica
pratica;astratto;non_animato;VPrepN;V in N;mettere;954;mettere in pratica
premio;;;VPrepN;V in N;andare;9;andare in premio
premio;concreto;non_animato;VPrepN;V in N;avere;23;avere in premio
premio;concreto;non_animato;VPrepN;V in N;dare;19;dare in premio
premio;concreto;non_animato;VDetN;V det_indef N;dare;39;dare un premio
preoccupazione;astratto;non_animato;VDetN;V det_def N;avere;12;avere la preoccupazione
presente;astratto;non_animato;VN;VN;avere;9;avere presente
presente;astratto;non_animato;VN;VN;fare;26;fare presente
presenza;astratto;non_animato;VDetN;V det_indef N;fare;8;fare una presenza
presidente;concreto;umano;VN;VN;essere;30;essere presidente
presidente;concreto;umano;VDetN;V det_def N;fare;55;fare il presidente
pressione;astratto;non_animato;VDetN;V det_def N;avere;9;avere la pressione
pressione;astratto;non_animato;VPrepN;V sotto N;essere;36;essere sotto pressione
pressione;astratto;non_animato;VN;VN;fare;125;fare (una) pressione
pressione;astratto;non_animato;VPrepN;V in N;mettere;12;mettere in pressione
pressione;astratto;non_animato;VN;VN;mettere;20;mettere pressione
pressione;astratto;non_animato;VPrepN;V sotto N;mettere;154;mettere sotto pressione
prestito;;;VPrepN;V in N;andare;84;andare in prestito
prestito;astratto;non_animato;VPrepN;V in N;avere;28;avere in prestito
prestito;astratto;non_animato;VPrepN;V in N;dare;130;dare in prestito
prestito;astratto;non_animato;VPrepN;V in N;essere;22;essere in prestito
prestito;astratto;non_animato;VDetN;V det_indef N;fare;12;fare un prestito
prestito;;;VPrepN;V in N;mandare;193;mandare in prestito
prestito;astratto;non_animato;VPrepN;V a N;prendere;212;prendere a prestito
prestito;astratto;non_animato;VPrepN;V in N;prendere;690;prendere in prestito
prete;concreto;umano;VN;VN;essere;9;essere prete
prete;concreto;umano;VDetN;V det_def N;fare;17;fare il prete
prezzo;astratto;non_animato;VDetN;V det_indef/def N;avere;297;avere un/il prezzo
prezzo;astratto;non_animato;VDetN;V det_indef/def N;dare;19;dare un/il prezzo
prezzo;astratto;non_animato;VDetN;V det_def N;fare;15;fare il prezzo
prezzo;astratto;non_animato;VDetN;V det_indef N;mettere;6;mettere un prezzo
prigione;;;VPrepN;V in N;andare;65;andare in prigione
prigione;concreto;non_animato;VPrepN;V in N;essere;115;essere in prigione
prigione;;;VPrepN;V in N;mandare;35;mandare in prigione
prigione;concreto;non_animato;VPrepN;V in N;mettere;118;mettere in prigione
prigioniero;concreto;umano;VN;VN;essere;11;essere prigioniero
prigioniero;concreto;umano;VN;VN;fare;13;fare prigioniero
prigioniero;concreto;umano;VN;-;prendere;9;prendere prigioniero
principe;concreto;umano;VDetN;V det_def N;fare;5;fare il principe
processo;;;VPrepN;V a N;andare;8;andare a processo
processo;astratto;non_animato;VPrepN;V sotto N;essere;46;essere sotto processo
processo;astratto;non_animato;VDetN;V det_def N;fare;48;fare il processo
processo;astratto;non_animato;VDetN;V det_indef N;fare;25;fare un processo
processo;astratto;non_animato;VPrepN;V sotto N;mettere;56;mettere sotto processo
produzione;;;VPrepN;V in N;andare;26;andare in produzione
produzione;astratto;non_animato;VDetN;V det_indef N;fare;6;fare una produzione
produzione;;;VPrepN;V in N;mandare;5;mandare in produzione
produzione;astratto;non_animato;VPrepN;V in N;mettere;276;mettere in produzione
professione;astratto;non_animato;VDetN;V det_indef N;fare;10;fare una professione
professore;concreto;umano;VDetN;V det_def N;fare;24;fare il professore
profumo;concreto;non_animato;VDetN;V det_def N;avere;6;avere il profumo
progetto;astratto;non_animato;VDetN;V det_indef/def N;avere;93;avere un/il progetto
progetto;astratto;non_animato;VPrepN;V in N;avere;106;avere in progetto
progetto;astratto;non_animato;VPrepN;V in N;essere;234;essere in progetto
progetto;astratto;non_animato;VDetN;V det_def N;fare;25;fare il progetto
programma;astratto;non_animato;VDetN;V det_indef/def N;avere;130;avere un/il programma
programma;astratto;non_animato;VPrepN;V in N;avere;301;avere in programma
programma;astratto;non_animato;VPrepN;V in N;essere;460;essere in programma
programma;astratto;non_animato;VDetN;V det_def N;fare;44;fare il programma
programma;astratto;non_animato;VPrepN;V in N;mettere;23;mettere in programma
promessa;astratto;non_animato;VDetN;V det_indef/def N;fare;68;fare una/la promessa
proposito;astratto;non_animato;VDetN;V det_def N;avere;12;avere il proposito
proposta;astratto;non_animato;VDetN;V det_def N;fare;45;fare la proposta
proposta;astratto;non_animato;VDetN;V det_indef N;fare;89;fare una proposta
prova;;;VPrepN;V in N;andare;6;andare in prova
prova;astratto;non_animato;VPrepN;V in N;avere;12;avere in prova
prova;astratto;non_animato;VDetN;V det_indef/def N;dare;108;dare una/la prova
prova;astratto;non_animato;VN;VN;dare;56;dare prova
prova;astratto;non_animato;VDetN;V det_indef/def N;fare;205;fare una/la prova
prova;astratto;non_animato;VPrepN;V a N;mettere;12;mettere a prova
prova;astratto;non_animato;VPrepN;V in N;mettere;9;mettere in prova
prova;astratto;non_animato;VPrepN;V in N;prendere;8;prendere in prova
pugno;concreto;non_animato;VPrepN;V in N;avere;50;avere in pugno
pugno;concreto;non_animato;VDetN;V det_indef/def N;dare;61;dare un/il pugno
pugno;concreto;non_animato;VPrepN;V a N;fare;69;fare a pugno
pugno;concreto;non_animato;VPrepN;V a N;prendere;129;prendere a pugno
pugno;concreto;non_animato;VPrepN;V in N;prendere;8;prendere in pugno
punto;concreto;non_animato;VDetN;V det_def N;fare;385;fare il punto
punto;concreto;non_animato;VN;VN;fare;5;fare punto
punto;concreto;non_animato;VPrepN;V a N;mettere;1956;mettere a punto
punto;concreto;non_animato;VDetN;V det_indef/def N;mettere;42;mettere un/il punto
qualità;astratto;non_animato;V(Det)N;V (det_def) N;avere;77;avere (la) qualità
questione;astratto;non_animato;VPrepN;V in N;essere;20;essere in questione
questione;astratto;non_animato;VPrepN;V in N;mettere;80;mettere in questione
questione;astratto;non_animato;VPrepN;V in N;prendere;6;prendere in questione
radio;;;VPrepN;V in N;andare;7;andare in radio
radio;;;VPrepN;V in N;mandare;6;mandare in radio
ragazza;concreto;non_animato;VDetN;V det_def N;fare;15;fare la ragazza
ragione;astratto;non_animato;VN;VN;avere;208;avere ragione
ragione;astratto;non_animato;VN;VN;dare;136;dare ragione
rapporto;astratto;non_animato;VDetN;V det_indef N;avere;1058;avere un rapporto
rapporto;astratto;non_animato;V(Det)N;V (det_def) N;fare;55;fare (il) rapporto
rapporto;astratto;non_animato;VPrepN;V in N;mettere;69;mettere in rapporto
rappresentante;astratto;non_animato;VN;VN;essere;6;essere rappresentante
rappresentante;astratto;non_animato;VDetN;V det_def N;fare;16;fare il rappresentante
re;concreto;umano;VN;VN;essere;45;essere re
re;concreto;umano;VDetN;V det_def N;fare;14;fare il re
regalo;concreto;non_animato;VPrepN;V in N;avere;20;avere in regalo
regalo;concreto;non_animato;VPrepN;V in N;dare;12;dare in regalo
regalo;concreto;non_animato;VDetN;V det_indef/def N;fare;134;fare un/il regalo
regina;concreto;umano;VN;VN;essere;7;essere regina
regola;astratto;non_animato;VDetN;V det_def N;dare;24;dare una regola
regola;astratto;non_animato;VPrepN;V in N;mettere;60;mettere in regola
relazione;astratto;non_animato;VPrepN;V in N;essere;372;essere in relazione
relazione;astratto;non_animato;VDetN;V det_def N;fare;24;fare una relazione
relazione;astratto;non_animato;VPrepN;V in N;mettere;968;mettere in relazione
resistenza;astratto;non_animato;VN;VN;fare;15;fare resistenza
responsabile;astratto;non_animato;VN;VN;essere;189;essere responsabile
responsabilità;astratto;non_animato;V(Det)N;V (det_def/indef) N;avere;326;avere (la/una) responsabilità
responsabilità;astratto;non_animato;VDetN;V det_def N;dare;22;dare la responsabilità
responsabilità;astratto;non_animato;VDetN;V det_def N;prendere;7;prendere la responsabilità
ricerca;astratto;non_animato;VPrepN;V in N;essere;6;essere in ricerca
ricerca;astratto;non_animato;VN;VN;fare;100;fare ricerca
ricerca;astratto;non_animato;VDetN;V det_indef N;fare;151;fare una ricerca
ricordo;astratto;non_animato;VDetN;V det_indef/def N;avere;76;avere un/il ricordo
riguardo;astratto;non_animato;VN;VN;avere;14;avere riguardo
riguardo;astratto;non_animato;VN;VN;fare;7;fare riguardo
riposo;;;VPrepN;V a N;andare;16;andare a riposo
riposo;astratto;non_animato;VN;VN;dare;5;dare riposo
riposo;astratto;non_animato;VPrepN;V a N;essere;43;essere a riposo
riposo;astratto;non_animato;VPrepN;V a N;mettere;76;mettere a riposo
rischio;astratto;non_animato;VDetN;V det_def N;avere;7;avere il rischio
rischio;astratto;non_animato;VPrepN;V a N;essere;398;essere a rischio
rischio;astratto;non_animato;VPrepN;V a N;mettere;626;mettere a rischio
riserva;;;VPrepN;V in N;andare;5;andare in riserva
riserva;astratto;non_animato;VPrepN;V da N;fare;11;fare da riserva
riserva;astratto;non_animato;VPrepN;V in N;mettere;50;mettere in riserva
rispetto;astratto;non_animato;V(Det)N;V (det_def) N;avere;65;avere (il) rispetto
rispetto;astratto;non_animato;VN;VN;fare;7;fare rispetto
risposta;astratto;non_animato;VN;VN;avere;12;avere risposta
risposta;astratto;non_animato;VDetN;V (det_indef/def) N;dare;213;dare (una/la) risposta
risultato;astratto;non_animato;VDetN;V det_def N;avere;65;avere il risultato
risultato;astratto;non_animato;VDetN;V det_def N;dare;137;dare il risultato
risultato;astratto;non_animato;VDetN;V det_indef N;dare;62;dare un risultato
risultato;astratto;non_animato;VN;VN;essere;26;essere risultato
risultato;astratto;non_animato;VN;VN;fare;13;fare risultato
ritardo;astratto;non_animato;VDetN;V det_indef N;avere;28;avere un ritardo
ritardo;astratto;non_animato;VPrepN;V in N;essere;206;essere in ritardo
ritorno;astratto;non_animato;VPrepN;V di N;essere;113;essere di ritorno
ritorno;astratto;non_animato;VN;VN;fare;582;fare ritorno
riunione;concreto;non_animato;VDetN;V det_indef N;fare;9;fare una riunione
rivoluzione;astratto;non_animato;VDetN;V det_indef N;fare;35;fare una rivoluzione
rosso;;;VPrepN;V in N;andare;18;andare in rosso
rosso;concreto;non_animato;VPrepN;V in N;essere;36;essere in rosso
rumore;astratto;non_animato;VDetN;V det_def N;fare;5;fare il rumore
rumore;astratto;non_animato;V(Det)N;V (det_indef) N;fare;70;fare (un) rumore
sacrificio;astratto;non_animato;VDetN;V det_indef/def N;fare;49;fare un/il sacrificio
salto;astratto;non_animato;VDetN;V det_indef/def N;fare;639;fare un/il salto
salute;astratto;non_animato;VPrepN;V in N;essere;18;essere in salute
saluto;astratto;non_animato;VDetN;V det_indef/def N;dare;17;dare il/un saluto
saluto;astratto;non_animato;VDetN;V det_indef/def N;fare;55;fare un/il saluto
santo;concreto;non_animato;VDetN;V det_def N;fare;7;fare il santo
sapore;astratto;non_animato;VDetN;V det_indef/def N;avere;338;avere un/il sapore
sapore;astratto;non_animato;V(Det)N;V (det_indef/def) N;dare;33;dare (un/il) sapore
scambio;astratto;non_animato;VDetN;V det_indef/def N;fare;30;fare un/il scambio
scelta;astratto;non_animato;VDetN;V (det_def) N;avere;27;avere (la) scelta
scelta;astratto;non_animato;VDetN;V det_def N;dare;11;dare la scelta
scelta;astratto;non_animato;VDetN;V det_indef/def N;fare;506;fare una/la scelta
scemo;astratto;non_animato;VDetN;V det_def N;fare;5;fare il scemo
scena;;;VPrepN;V di N;andare;13;andare di scena
scena;;;VPrepN;V in N;andare;876;andare in scena
scena;concreto;non_animato;VPrepN;V in N;essere;75;essere in scena
scena;concreto;non_animato;VN;VN;fare;17;fare scena
scena;concreto;non_animato;VDetN;V det_indef N;fare;8;fare una scena
scena;;;VPrepN;V in N;mandare;13;mandare in scena
scena;concreto;non_animato;VPrepN;V in N;mettere;2267;mettere in scena
scherzo;astratto;non_animato;VDetN;V det_indef/def N;fare;117;fare un/il scherzo
schiena;concreto;non_animato;VDetN;V det_def N;dare;5;dare la schiena
schifo;astratto;non_animato;VDetN;V det_indef N;essere;44;essere un schifo
schifo;astratto;non_animato;VN;VN;fare;27;fare schifo
scienza;astratto;non_animato;VN;VN;fare;9;fare scienza
scopo;astratto;non_animato;V(Det)N;V (det_indef/def) N;avere;2158;avere (un/il) scopo
scopo;astratto;non_animato;VDetN;V det_indef N;dare;16;dare un scopo
scuola;;;VPrepN;V a N;andare;504;andare a scuola
scuola;concreto;non_animato;VN;VN;fare;26;fare scuola
scuola;concreto;non_animato;VDetN;V det_def N;fare;11;fare una scuola
scusa;astratto;non_animato;VDetN;V det_def N;dare;5;dare la scusa
scusa;astratto;non_animato;VDetN;V det_def N;fare;5;fare la scusa
sede;astratto;non_animato;V(Det)N;V (det_def) N;avere;175;avere (la) sede
sede;astratto;non_animato;VN;VN;essere;113;essere sede
sega;concreto;non_animato;VDetN;V det_indef N;fare;23;fare una/la sega
segno;;;VPrepN;V a N;andare;473;andare a segno
segno;concreto;non_animato;VDetN;V det_indef/def N;dare;55;dare un/il segno
segno;concreto;non_animato;VN;VN;essere;15;essere segno
segno;concreto;non_animato;VDetN;V det_indef/def N;fare;93;fare un/il segno
segno;;;VPrepN;V a N;mandare;10;mandare a segno
segno;concreto;non_animato;VPrepN;V a N;mettere;1707;mettere a segno
segno;concreto;non_animato;VDetN;V det_indef N;mettere;8;mettere un segno
seguito;astratto;non_animato;VN;VN;avere;30;avere seguito
seguito;astratto;non_animato;V(Det)N;V (det_indef) N;dare;137;dare (un) seguito
sensazione;astratto;non_animato;VDetN;V det_indef/def N;avere;425;avere una/la sensazione
sensazione;astratto;non_animato;VDetN;V det_indef/def N;dare;202;dare una/la sensazione
sensazione;astratto;non_animato;VN;VN;fare;5;fare sensazione
senso;astratto;non_animato;V(Det)N;V (det_indef/def) N;avere;581;avere (un/il) senso
senso;astratto;non_animato;V(Det)N;V (det_indef/def) N;dare;590;dare (un/il) senso
serie;astratto;non_animato;VPrepN;V in N;mettere;57;mettere in serie
servizio;astratto;non_animato;VPrepN;V a N;essere;53;essere a servizio
servizio;astratto;non_animato;VDetN;V det_def N;fare;119;fare il servizio
servizio;astratto;non_animato;VPrepN;V a N;mettere;42;mettere a servizio
servizio;astratto;non_animato;VPrepN;V in N;mettere;291;mettere in servizio
servizio;astratto;non_animato;VPrepN;V a N;prendere;14;prendere a servizio
servizio;astratto;non_animato;VPrepN;V in N;prendere;5;prendere in servizio
servizio;astratto;non_animato;VN;-;prendere;49;prendere servizio
servo;concreto;umano;VPrepN;V da N;fare;5;fare da servo
servo;concreto;umano;VDetN;V det_def N;fare;5;fare il servo
sforzo;astratto;non_animato;VDetN;V det_indef/def N;fare;160;fare un/il sforzo
sforzo;astratto;non_animato;VPrepN;V sotto N;mettere;5;mettere sotto sforzo
sguardo;astratto;non_animato;VDetN;V det_def N;avere;42;avere il sguardo
sguardo;astratto;non_animato;VDetN;V det_indef N;dare;186;dare un sguardo
sguardo;astratto;non_animato;VDetN;V det_def N;fare;5;fare il sguardo
sicurezza;astratto;non_animato;VDetN;V det_def N;avere;41;avere la sicurezza
sicurezza;astratto;non_animato;V(Det)N;V (det_def) N;dare;25;dare (la) sicurezza
sicurezza;astratto;non_animato;VDetN;V det_indef N;dare;6;dare una sicurezza
sicurezza;astratto;non_animato;VPrepN;V in N;mettere;212;mettere in sicurezza
signore;concreto;umano;VN;VN;essere;5;essere signore
signore;concreto;umano;VDetN;V det_def N;fare;6;fare il signore
silenzio;astratto;non_animato;VN;VN;fare;19;fare silenzio
silenzio;astratto;non_animato;VPrepN;V sotto N;mettere;5;mettere sotto silenzio
simpatia;astratto;non_animato;VPrepN;V in N;avere;19;avere in simpatia
simpatia;astratto;non_animato;VDetN;V det_def N;avere;10;avere la simpatia
simpatia;astratto;non_animato;V(Det)N;V (det_indef) N;avere;19;avere (una) simpatia
simpatia;astratto;non_animato;VPrepN;V in N;prendere;63;prendere in simpatia
sindaco;concreto;umano;VN;VN;essere;6;essere sindaco
sindaco;concreto;umano;VDetN;V det_def N;fare;38;fare il sindaco
sistema;astratto;non_animato;VN;VN;fare;16;fare sistema
sistema;astratto;non_animato;VPrepN;V a N;mettere;17;mettere a sistema
società;astratto;non_animato;VN;VN;fare;7;fare società
società;astratto;non_animato;VDetN;V det_indef N;fare;12;fare una società
società;astratto;non_animato;VPrepN;V in N;mettere;39;mettere in società
soddisfazione;astratto;non_animato;V(Det)N;V (det_def) N;avere;95;avere (la) soddisfazione
soddisfazione;astratto;non_animato;V(Det)N;V (det_indef/def) N;dare;48;dare (una/la) soddisfazione
sofferenza;astratto;non_animato;VPrepN;V in N;essere;5;essere in sofferenza
sogno;astratto;non_animato;VDetN;V det_indef/def N;avere;195;avere un/il sogno
sogno;astratto;non_animato;V(Det)N;V det_indef/def N;fare;109;fare un/il sogno
soldato;concreto;umano;VDetN;V det_def N;fare;42;fare il soldato
soldo;concreto;non_animato;VDetN;V det_def N;fare;90;fare il soldo
sole;concreto;non_animato;VDetN;V det_def N;prendere;82;prendere il sole
soluzione;astratto;non_animato;V(Det)N;V (det_indef/def) N;dare;95;dare (una/la) soluzione
sonno;astratto;non_animato;VDetN;V det_indef N;avere;12;avere un sonno
sonno;astratto;non_animato;VN;-;prendere;55;prendere sonno
sorella;concreto;umano;VN;VN;essere;5;essere sorella
sorpresa;astratto;non_animato;VDetN;V det_indef N;fare;108;fare una sorpresa
sorriso;concreto;non_animato;VDetN;V det_indef N;avere;27;avere un sorriso
sorriso;concreto;non_animato;VDetN;V det_indef N;dare;15;dare un sorriso
sorriso;concreto;non_animato;VDetN;V det_indef N;fare;40;fare un sorriso
sorte;astratto;non_animato;VPrepN;V in N;avere;31;avere in sorte
sospetto;astratto;non_animato;VDetN;V det_def/indef N;avere;98;avere il/un sospetto
sostanza;astratto;non_animato;VN;VN;dare;13;dare sostanza
spalla;concreto;non_animato;VDetN;V det_def N;dare;87;dare la spalla
spalla;concreto;non_animato;VPrepN;V da N;fare;144;fare da spalla
spalla;concreto;non_animato;VDetN;V det_def N;fare;13;fare la spalla
spazio;astratto;non_animato;VN;VN;avere;31;avere spazio
spazio;astratto;non_animato;V(Det)N;V (det_indef) N;dare;413;dare (un) spazio
spazio;astratto;non_animato;VN;VN;fare;238;fare spazio
specchio;concreto;non_animato;VPrepN;V da N;fare;9;fare da specchio
speranza;astratto;non_animato;V(Det)N;V (det_indef/def) N;avere;54;avere (una/la) speranza
speranza;astratto;non_animato;V(Det)N;V (det_indef/def) N;dare;77;dare (una/la) speranza
spesa;astratto;non_animato;V(Det)N;V (det_def) N;fare;688;fare (la) spesa
spesa;astratto;non_animato;VDetN;V det_indef N;fare;6;fare una spesa
spettacolo;astratto;non_animato;V(Det)N;V (det_indef) N;dare;39;dare (un) spettacolo
spettacolo;astratto;non_animato;V(Det)N;V (det_def) N;fare;107;fare (il) spettacolo
spia;concreto;umano;VPrepN;V da N;fare;13;fare da spia
spia;concreto;umano;VDetN;V det_def N;fare;64;fare la spia
spiegazione;astratto;non_animato;VDetN;V det_indef N;avere;52;avere una spiegazione
spiegazione;astratto;non_animato;V(Det)N;V (det_indef/def) N;dare;251;dare (una/la) spiegazione
sport;astratto;non_animato;VN;VN;fare;86;fare sport
sposa;;;VN;VN;andare;10;andare sposa
squadra;astratto;non_animato;VN;VN;fare;23;fare squadra
stampa;;;VPrepN;V in N;andare;37;andare in stampa
stampa;astratto;non_animato;VPrepN;V in N;essere;10;essere in stampa
stampa;;;VPrepN;V in N;mandare;15;mandare in stampa
stella;concreto;non_animato;VDetN;V det_def N;dare;5;dare una stella
stoffa;concreto;non_animato;VDetN;V det_def N;avere;40;avere la stoffa
storia;astratto;non_animato;VN;VN;fare;28;fare storia
storico;concreto;umano;VN;VN;essere;6;essere storico
storico;concreto;umano;VDetN;V det_def N;fare;9;fare il storico
storico;concreto;umano;VDetN;V det_def N;fare;5;fare la storico
strada;concreto;non_animato;VN;VN;fare;44;fare strada
strada;concreto;non_animato;VPrepN;V su N;mettere;7;mettere su strada
strada;concreto;non_animato;VDetN;V det_def/indef N;prendere;46;prendere (la/una) strada
studente;concreto;umano;VN;VN;essere;10;essere studente
stupido;astratto;non_animato;VDetN;V det_def N;fare;8;fare il stupido
successo;astratto;non_animato;V(Det)N;V (det_indef) N;avere;1168;avere (un/il) successo
successo;astratto;non_animato;VPrepN;V di N;essere;20;essere di successo
successo;astratto;non_animato;V(Det)N;V (det_indef) N;fare;42;fare (un) successo
suono;concreto;non_animato;V(Det)N;V (det_def/indef) N;avere;179;avere (il/un) suono
suono;concreto;non_animato;VDetN;V det_indef N;fare;6;fare un suono
sviluppo;astratto;non_animato;VPrepN;V in N;essere;95;essere in sviluppo
sviluppo;astratto;non_animato;VPrepN;V in N;mettere;10;mettere in sviluppo
tasca;concreto;non_animato;VPrepN;V in N;mettere;62;mettere in tasca
tassa;astratto;non_animato;VDetN;V det_indef N;mettere;7;mettere una tassa
tavola;concreto;non_animato;VPrepN;V a N;essere;23;essere a tavola
teatro;;;VPrepN;V a N;andare;65;andare a teatro
teatro;concreto;non_animato;VN;VN;fare;54;fare teatro
temperatura;astratto;non_animato;VDetN;V det_def N;avere;11;avere la temperatura
tempo;astratto;non_animato;VN;VN;avere;36;avere tempo
tempo;astratto;non_animato;VN;VN;dare;51;dare tempo
tempo;astratto;non_animato;VPrepN;V in N;essere;93;essere in tempo
tempo;astratto;non_animato;VN;-;prendere;125;prendere tempo
tenente;concreto;umano;VDetN;V det_def N;fare;5;fare il tenente
tentativo;astratto;non_animato;V(Det)N;V (det_def/indef) N;fare;98;fare (il/un) tentativo
termine;;;VPrepN;V a N;andare;11;andare a termine
termine;astratto;non_animato;V(Det)N;V (det_def) N;avere;27;avere (il) termine
termine;astratto;non_animato;VDetN;V det_indef N;mettere;5;mettere un termine
tesoro;concreto;non_animato;VN;VN;fare;44;fare tesoro
testa;;;VPrepN;V in N;andare;90;andare in testa
testa;concreto;non_animato;VPrepN;V in N;avere;132;avere in testa
testa;concreto;non_animato;VPrepN;V in N;essere;362;essere in testa
testa;concreto;non_animato;VPrepN;V in N;mettere;226;mettere in testa
timore;astratto;non_animato;V(Det)N;V (det_def/indef) N;avere;70;avere (il/un) timore
titolo;astratto;non_animato;V(Det)N;V (det_def) N;avere;528;avere (il) titolo
titolo;astratto;non_animato;VDetN;V det_def N;dare;626;dare il titolo
titolo;astratto;non_animato;VDetN;V det_def N;mettere;5;mettere il titolo
titolo;astratto;non_animato;VDetN;V det_def N;prendere;14;prendere il titolo
tono;astratto;non_animato;VDetN;V det_def N;avere;19;avere il tono
tono;astratto;non_animato;VDetN;V det_def N;dare;11;dare il tono
torre;concreto;non_animato;VPrepN;V da N;fare;5;fare da torre
torto;astratto;non_animato;V(Det)N;V (det_def) N;avere;40;avere (il) torto
torto;astratto;non_animato;VN;VN;dare;54;dare torto
torto;astratto;non_animato;VPrepN;V in N;essere;18;essere in torto
torto;astratto;non_animato;VN;VN;fare;12;fare torto
uomo;concreto;umano;VN;VN;essere;73;essere uomo
uomo;concreto;umano;VDetN;V det_def N;fare;27;fare il uomo
uso;astratto;non_animato;VPrepN;V in N;dare;28;dare in uso
uso;astratto;non_animato;VPrepN;V in N;essere;630;essere in uso
uso;astratto;non_animato;VDetN;V det_indef N;fare;342;fare un uso
uso;astratto;non_animato;VN;VN;fare;312;fare uso
uso;astratto;non_animato;VPrepN;V in N;mettere;10;mettere in uso
vacanza;;;VPrepN;V in N;andare;369;andare in vacanza
vacanza;astratto;non_animato;VDetN;V det_indef N;fare;47;fare una vacanza
vacanza;;;VPrepN;V in N;mandare;16;mandare in vacanza
valigia;concreto;non_animato;VPrepN;V in N;mettere;25;mettere in valigia
valore;astratto;non_animato;V(Det)N;V (det_indef/def) N;avere;1380;avere (un/il) valore
valore;astratto;non_animato;V(Det)N;V (det_indef) N;dare;143;dare (un) valore
valore;astratto;non_animato;VPrepN;V a N;mettere;9;mettere a valore
valore;astratto;non_animato;VPrepN;V in N;mettere;9;mettere in valore
vantaggio;;;VPrepN;V a N;andare;56;andare a vantaggio
vantaggio;;;VPrepN;V in N;andare;90;andare in vantaggio
vantaggio;astratto;non_animato;VDetN;V det_def N;avere;503;avere il vantaggio
vantaggio;astratto;non_animato;V(Det)N;V (det_def/indef) N;dare;74;dare (il/un) vantaggio
vantaggio;astratto;non_animato;VPrepN;V a N;essere;13;essere a vantaggio
vantaggio;astratto;non_animato;VPrepN;V in N;essere;180;essere in vantaggio
vendetta;astratto;non_animato;VN;VN;avere;11;avere vendetta
vendetta;astratto;non_animato;VN;VN;fare;6;fare vendetta
vergogna;astratto;non_animato;VDetN;V det_indef N;essere;163;essere una vergogna
via;concreto;non_animato;VDetN;V det_def N;dare;2123;dare il via
via;concreto;non_animato;VDetN;V det_def N;prendere;78;prendere il via
via;concreto;non_animato;VDetN;V det_def N;prendere;56;prendere la via
viaggio;astratto;non_animato;VPrepN;V in N;essere;325;essere in viaggio
viaggio;astratto;non_animato;VDetN;V det_indef/def N;fare;337;fare un/il viaggio
viaggio;astratto;non_animato;VPrepN;V in N;mettere;302;mettere in viaggio
violenza;astratto;non_animato;VN;VN;fare;10;fare violenza
visita;;;VPrepN;V in N;andare;62;andare in visita
visita;astratto;non_animato;VPrepN;V in N;essere;136;essere in visita
visita;astratto;non_animato;V(Det)N;V (det_indef) N;fare;278;fare (una) visita
vista;astratto;non_animato;VPrepN;V in N;avere;10;avere in vista
vista;astratto;non_animato;VPrepN;V in N;essere;53;essere in vista
vista;astratto;non_animato;VPrepN;V in N;mettere;21;mettere in vista
vita;astratto;non_animato;VN;VN;avere;37;avere vita
vita;astratto;non_animato;VN;VN;dare;867;dare vita
vita;astratto;non_animato;VPrepN;V in N;essere;282;essere in vita
vita;astratto;non_animato;V(Det)N;V (det_indef) N;fare;126;fare (una) vita
vita;astratto;non_animato;VPrepN;V in N;mettere;6;mettere in vita
vita;astratto;non_animato;VN;-;prendere;52;prendere vita
vittima;astratto;non_animato;VN;VN;essere;102;essere vittima
vittima;astratto;non_animato;VDetN;V det_def N;fare;102;fare la vittima
voce;astratto;non_animato;VN;VN;avere;41;avere voce
voce;astratto;non_animato;VN;VN;dare;223;dare voce
voglia;astratto;non_animato;V(Det)N;V (det_def/indef) N;avere;69;avere (la/una) voglia
voglia;astratto;non_animato;VN;VN;avere;31;avere voglia
volo;astratto;non_animato;VPrepN;V in N;essere;124;essere in volo
volo;astratto;non_animato;VDetN;V det_indef N;fare;18;fare un volo
volo;astratto;non_animato;VDetN;V det_def N;prendere;50;prendere il volo
volontà;astratto;non_animato;VDetN;V det_def N;avere;76;avere (la/una) volontà
volto;concreto;non_animato;VN;VN;dare;6;dare volto
voto;astratto;non_animato;VDetN;V det_def N;dare;98;dare il voto
voto;astratto;non_animato;V(Det)N;V (det_indef/def) N;fare;92;fare (un/il) voto
conoscenza;;;VPrepN;V a N;venire;2325;venire a conoscenza
mente;;;VPrepN;V in N;venire;1500;venire in mente
contatto;;;VPrepN;V a N;venire;845;venire a contatto
contatto;;;VPrepN;V in N;venire;424;venire in contatto
aiuto;;;VPrepN;V in N;venire;241;venire in aiuto
capo;;;VPrepN;V a N;venire;176;venire a capo
superficie;;;VPrepN;V in N;venire;24;venire in superficie
luce;;;VPrepN;V in N;venire;21;venire in luce
esistenza;;;VPrepN;V a N;venire;19;venire ad esistenza
noia;;;VPrepN;V a N;venire;18;venire a noia
morte;;;VPrepN;V a N;venire;17;venire a morte
uso;;;VPrepN;V in N;venire;14;venire in uso
